precision,recall,threshold
0.7083333333333334,1.0,1.0089411064245655e-07
0.7183098591549296,1.0,2.96871235098959e-06
0.7285714285714285,1.0,0.0031079075841209856
0.7391304347826086,1.0,0.0034244201417853
0.75,1.0,0.0047714955017318286
0.7611940298507462,1.0,0.012599542711860142
0.7727272727272727,1.0,0.021801923462948052
0.7846153846153846,1.0,0.024972234684694214
0.796875,1.0,0.04713289251718983
0.8095238095238095,1.0,0.053827566795529455
0.8064516129032258,0.9803921568627451,0.06466984345206003
0.819672131147541,0.9803921568627451,0.06931499231578707
0.8333333333333334,0.9803921568627451,0.07209596065253705
0.847457627118644,0.9803921568627451,0.09967728537823185
0.8620689655172413,0.9803921568627451,0.1258419327986509
0.8771929824561403,0.9803921568627451,0.15218536189892704
0.8928571428571429,0.9803921568627451,0.16832524235977125
0.9090909090909091,0.9803921568627451,0.19509385563641007
0.9259259259259259,0.9803921568627451,0.3570822428859138
0.9433962264150944,0.9803921568627451,0.3764140320389053
0.9615384615384616,0.9803921568627451,0.44712972833098674
0.9803921568627451,0.9803921568627451,0.4647329049810639
1.0,0.9803921568627451,0.5034602527493692
1.0,0.9607843137254902,0.514087345628729
1.0,0.9411764705882353,0.5620725202756839
1.0,0.9215686274509803,0.5908769606021489
1.0,0.9019607843137255,0.6096235919513361
1.0,0.8823529411764706,0.6299531266027169
1.0,0.8627450980392157,0.6402180922652719
1.0,0.8431372549019608,0.6733483668248796
1.0,0.8235294117647058,0.8938945354190324
1.0,0.803921568627451,0.9083842640491038
1.0,0.7843137254901961,0.9098665928599872
1.0,0.7647058823529411,0.914024148588505
1.0,0.7450980392156863,0.9536767413008114
1.0,0.7254901960784313,0.9540673340353127
1.0,0.7058823529411765,0.9663122342279714
1.0,0.6862745098039216,0.970873717314599
1.0,0.6666666666666666,0.9748663787459286
1.0,0.6470588235294118,0.9749950102169025
1.0,0.6274509803921569,0.9808111151656307
1.0,0.6078431372549019,0.9811029307069864
1.0,0.5882352941176471,0.9833585040205054
1.0,0.5686274509803921,0.9843522658233278
1.0,0.5490196078431373,0.9853230322038478
1.0,0.5294117647058824,0.9898854640990998
1.0,0.5098039215686274,0.9901284129099859
1.0,0.49019607843137253,0.9916528820988258
1.0,0.47058823529411764,0.9924968655806635
1.0,0.45098039215686275,0.9928053481267153
1.0,0.43137254901960786,0.992854959455525
1.0,0.4117647058823529,0.9938820141272457
1.0,0.39215686274509803,0.9950643309216031
1.0,0.37254901960784315,0.9951715521455647
1.0,0.35294117647058826,0.9952863530525323
1.0,0.3333333333333333,0.9954631967458234
1.0,0.3137254901960784,0.9959719146328637
1.0,0.29411764705882354,0.9959775314512987
1.0,0.27450980392156865,0.9969240197198597
1.0,0.2549019607843137,0.9970843826210668
1.0,0.23529411764705882,0.9971541633798341
1.0,0.21568627450980393,0.9971717498317747
1.0,0.19607843137254902,0.9972519403517149
1.0,0.17647058823529413,0.9973498498286103
1.0,0.1568627450980392,0.9975818456579896
1.0,0.13725490196078433,0.9978441653779445
1.0,0.11764705882352941,0.9982075924114323
1.0,0.09803921568627451,0.9982557292053912
1.0,0.0784313725490196,0.9986225523577931
1.0,0.058823529411764705,0.9989778156494461
1.0,0.0392156862745098,0.9996205251390139
1.0,0.0196078431372549,0.9998505949548969
1.0,0.0,
