precision,recall,umbral
0.7083333333333334,1.0,1.2088561014585975e-05
0.7183098591549296,1.0,3.590036572773828e-05
0.7285714285714285,1.0,4.7127457222035885e-05
0.7391304347826086,1.0,0.00011381705250814286
0.75,1.0,0.0001267352885938857
0.7611940298507462,1.0,0.000477389206745
0.7727272727272727,1.0,0.0017824020911673666
0.7846153846153846,1.0,0.003029079695814
0.796875,1.0,0.013758231956756208
0.8095238095238095,1.0,0.08229842677156658
0.8225806451612904,1.0,0.08312622331176824
0.8360655737704918,1.0,0.08700214916040268
0.85,1.0,0.09367625711948534
0.864406779661017,1.0,0.12561336631854572
0.8793103448275862,1.0,0.12902368439784934
0.8947368421052632,1.0,0.16399921676032767
0.9107142857142857,1.0,0.22568146399925137
0.9272727272727272,1.0,0.30451140854998343
0.9259259259259259,0.9803921568627451,0.3049319286541318
0.9433962264150944,0.9803921568627451,0.34716758286968064
0.9615384615384616,0.9803921568627451,0.40908028440641053
0.9803921568627451,0.9803921568627451,0.44733017767487177
1.0,0.9803921568627451,0.8479869990012928
1.0,0.9607843137254902,0.8631465660292885
1.0,0.9411764705882353,0.8865879627524137
1.0,0.9215686274509803,0.8891449116062674
1.0,0.9019607843137255,0.897615302511842
1.0,0.8823529411764706,0.9140895818115097
1.0,0.8627450980392157,0.9154323598604018
1.0,0.8431372549019608,0.9211943208979199
1.0,0.8235294117647058,0.9250960466348624
1.0,0.803921568627451,0.9261759429744124
1.0,0.7843137254901961,0.9269437187080785
1.0,0.7647058823529411,0.934582674792846
1.0,0.7450980392156863,0.9362105445338129
1.0,0.7254901960784313,0.9407819800578002
1.0,0.7058823529411765,0.9416759752493202
1.0,0.6862745098039216,0.9418172767215308
1.0,0.6666666666666666,0.9457902486634888
1.0,0.6470588235294118,0.9488303128916225
1.0,0.6274509803921569,0.9535371679529703
1.0,0.6078431372549019,0.959278043528454
1.0,0.5882352941176471,0.9594796972248478
1.0,0.5686274509803921,0.9609607298196503
1.0,0.5490196078431373,0.9620955660877833
1.0,0.5294117647058824,0.970384183566979
1.0,0.5098039215686274,0.9708159890237278
1.0,0.49019607843137253,0.9719325161156884
1.0,0.47058823529411764,0.9744873299103178
1.0,0.45098039215686275,0.9749416259917512
1.0,0.43137254901960786,0.9767128783428494
1.0,0.4117647058823529,0.9770310234062357
1.0,0.39215686274509803,0.9771842079625429
1.0,0.37254901960784315,0.9801057641876736
1.0,0.35294117647058826,0.9821151411334217
1.0,0.3333333333333333,0.9825639049084967
1.0,0.3137254901960784,0.9839624936181661
1.0,0.29411764705882354,0.9842854345740112
1.0,0.27450980392156865,0.9864554800962485
1.0,0.2549019607843137,0.9868958343045229
1.0,0.23529411764705882,0.9873985820112499
1.0,0.21568627450980393,0.9888494966807327
1.0,0.19607843137254902,0.9912115689331649
1.0,0.17647058823529413,0.993018539295313
1.0,0.1568627450980392,0.9939260407359657
1.0,0.13725490196078433,0.9945530497174497
1.0,0.11764705882352941,0.9947131411155076
1.0,0.09803921568627451,0.9965712564211033
1.0,0.0784313725490196,0.9968959062051769
1.0,0.058823529411764705,0.9971410649683181
1.0,0.0392156862745098,0.9972461094825261
1.0,0.0196078431372549,0.9990285725303062
1.0,0.0,
