patient_uid,target_label,score,fold,source_dataset
ICBHI_102,0,0.25387214516231804,4,ICBHI
ICBHI_104,1,0.9925552582252487,4,ICBHI
ICBHI_106,1,0.9800554521639246,0,ICBHI
ICBHI_109,1,0.998826303007573,0,ICBHI
ICBHI_110,1,0.6841111680293481,2,ICBHI
ICBHI_113,1,0.9990211792408639,1,ICBHI
ICBHI_114,1,0.9952780660790681,0,ICBHI
ICBHI_117,1,0.999749972191208,1,ICBHI
ICBHI_118,1,0.996856264089773,3,ICBHI
ICBHI_120,1,0.994311717936052,1,ICBHI
ICBHI_123,0,2.887887800911367e-05,1,ICBHI
ICBHI_124,1,0.7815368576461799,2,ICBHI
ICBHI_125,0,0.013749920298491342,0,ICBHI
ICBHI_126,0,7.666181267470672e-05,4,ICBHI
ICBHI_127,0,0.0005638214154880101,3,ICBHI
ICBHI_130,1,0.9792940026940247,3,ICBHI
ICBHI_132,1,0.533413443338286,2,ICBHI
ICBHI_133,1,0.9020382160943751,2,ICBHI
ICBHI_134,1,0.9960139323322986,0,ICBHI
ICBHI_136,0,0.1232740295029872,3,ICBHI
ICBHI_138,1,0.8362182044825736,4,ICBHI
ICBHI_139,1,0.999161178957471,1,ICBHI
ICBHI_141,1,0.9989919919643508,1,ICBHI
ICBHI_142,1,0.999440937040346,1,ICBHI
ICBHI_144,0,0.0009770495789488442,0,ICBHI
ICBHI_145,1,0.9804938954405724,1,ICBHI
ICBHI_146,1,0.9941212367812325,1,ICBHI
ICBHI_151,1,0.9835074529001595,0,ICBHI
ICBHI_152,0,0.23742202407635782,4,ICBHI
ICBHI_153,0,0.05032152829412543,3,ICBHI
ICBHI_154,1,0.9390684725519951,4,ICBHI
ICBHI_155,1,0.997782317229394,0,ICBHI
ICBHI_156,1,0.9871937882531976,0,ICBHI
ICBHI_157,1,0.9627241917702646,4,ICBHI
ICBHI_158,1,0.9914264441527364,3,ICBHI
ICBHI_159,0,0.27688660010414123,1,ICBHI
ICBHI_163,1,0.9964708159847168,1,ICBHI
ICBHI_170,1,0.9826527550579004,0,ICBHI
ICBHI_171,0,0.006898807032278342,2,ICBHI
ICBHI_172,1,0.9910209825753576,1,ICBHI
ICBHI_174,1,0.9057821120077019,4,ICBHI
ICBHI_175,1,0.7368679233089458,2,ICBHI
ICBHI_177,1,0.9384681258742354,4,ICBHI
ICBHI_179,0,0.01891532601407983,4,ICBHI
ICBHI_180,1,0.9845141007998326,2,ICBHI
ICBHI_181,1,0.9500431820969945,3,ICBHI
ICBHI_182,0,0.017431959133244298,0,ICBHI
ICBHI_183,0,0.45475897553369593,2,ICBHI
ICBHI_184,0,3.9733259315407106e-05,3,ICBHI
ICBHI_185,1,0.9976805341990765,3,ICBHI
ICBHI_186,1,0.9939641394895317,3,ICBHI
ICBHI_189,1,0.468961385709095,4,ICBHI
ICBHI_192,1,0.9886957842355467,4,ICBHI
ICBHI_194,0,0.28996858601342546,2,ICBHI
ICBHI_198,1,0.8492559989684372,4,ICBHI
ICBHI_199,1,0.0009616027728927499,2,ICBHI
ICBHI_202,0,0.0001451022693399315,1,ICBHI
ICBHI_203,1,0.9465161177342932,2,ICBHI
ICBHI_204,1,0.9955827164951744,1,ICBHI
ICBHI_205,1,0.9834922204089901,3,ICBHI
ICBHI_207,1,0.971832056936816,3,ICBHI
ICBHI_209,0,0.0038192794294817857,2,ICBHI
ICBHI_211,1,0.463545221506638,2,ICBHI
ICBHI_212,1,0.988480261169517,2,ICBHI
ICBHI_213,1,0.9841039963270808,0,ICBHI
ICBHI_214,0,0.44446153022033585,0,ICBHI
ICBHI_217,0,0.00033669533680991977,1,ICBHI
ICBHI_218,1,0.9841088861882809,0,ICBHI
ICBHI_220,1,0.6513067345596646,4,ICBHI
ICBHI_221,1,0.9932122588270834,3,ICBHI
ICBHI_223,1,0.9521583825972041,3,ICBHI
ICBHI_224,0,0.07470476107914875,0,ICBHI
