config_index,lr,dropout,epoch,lr_epoch,train_loss,val_loss,val_balanced_accuracy,val_macro_f1,val_min_class_recall,val_recall_copd,val_recall_normal,val_auroc,improved,fold,weight_decay,batch_size
7,0.0001,0.5,1,0.0001,0.6824681963890221,0.6685754695431666,0.5,0.4166666666666667,0.0,0.0,1.0,0.3,True,0,0.001,64
7,0.0001,0.5,2,9.998914383200485e-05,0.5138374175995019,0.6455989241795265,0.5,0.4166666666666667,0.0,0.0,1.0,0.3,True,0,0.001,64
7,0.0001,0.5,3,9.99565800898935e-05,0.46235815506831857,0.622217054751524,0.5,0.4166666666666667,0.0,0.0,1.0,0.4,True,0,0.001,64
7,0.0001,0.5,4,9.990232305719945e-05,0.39399271425168225,0.5991467698103248,0.5,0.4166666666666667,0.0,0.0,1.0,0.5,True,0,0.001,64
7,0.0001,0.5,5,9.982639653285048e-05,0.3494969435558198,0.5849530641690621,0.5,0.4166666666666667,0.0,0.0,1.0,0.4,True,0,0.001,64
7,0.0001,0.5,6,9.972883382072954e-05,0.3193097733388281,0.5806059889075048,0.5,0.4166666666666667,0.0,0.0,1.0,0.4,True,0,0.001,64
7,0.0001,0.5,7,9.960967771506667e-05,0.27856403722125256,0.5822069480540438,0.5,0.4166666666666667,0.0,0.0,1.0,0.5,False,0,0.001,64
7,0.0001,0.5,8,9.946898048166793e-05,0.2438096574916961,0.5914159090457866,0.5,0.4166666666666667,0.0,0.0,1.0,0.5,False,0,0.001,64
7,0.0001,0.5,9,9.930680383499e-05,0.2220112421330373,0.6079843661847247,0.5,0.4166666666666667,0.0,0.0,1.0,0.6,False,0,0.001,64
7,0.0001,0.5,10,9.912321891107009e-05,0.19868017856482487,0.6204792281729212,0.5,0.4166666666666667,0.0,0.0,1.0,0.8,False,0,0.001,64
7,0.0001,0.5,11,9.891830623632337e-05,0.1733985034523496,0.6071760848158511,0.5,0.4166666666666667,0.0,0.0,1.0,0.7,False,0,0.001,64
7,0.0001,0.5,12,9.869215569222143e-05,0.1602022452339245,0.5938055299570725,0.5,0.4166666666666667,0.0,0.0,1.0,0.8,False,0,0.001,64
7,0.0001,0.5,13,9.844486647586723e-05,0.14604773453086806,0.5439583144339202,0.5,0.4166666666666667,0.0,0.0,1.0,0.6,True,0,0.001,64
7,0.0001,0.5,14,9.817654705648407e-05,0.16232798984096308,0.5484367373654975,0.75,0.7878787878787878,0.5,0.5,1.0,0.6,True,0,0.001,64
7,0.0001,0.5,15,9.788731512783731e-05,0.11854573220584043,0.6233527334090149,0.75,0.7878787878787878,0.5,0.5,1.0,0.5,False,0,0.001,64
7,0.0001,0.5,16,9.75772975566101e-05,0.12686439707970162,0.6494249274048974,0.75,0.7878787878787878,0.5,0.5,1.0,0.5,False,0,0.001,64
7,0.0001,0.5,17,9.72466303267553e-05,0.1081096144618502,0.8543503074886936,0.45,0.41666666666666663,0.4,0.5,0.4,0.5,False,0,0.001,64
7,0.0001,0.5,18,9.689545847984862e-05,0.10146668320818311,0.9148533676027696,0.45,0.41666666666666663,0.4,0.5,0.4,0.5,False,0,0.001,64
7,0.0001,0.5,19,9.652393605146843e-05,0.09937378189935805,0.6979487391015361,0.75,0.7878787878787878,0.5,0.5,1.0,0.5,False,0,0.001,64
7,0.0001,0.5,20,9.613222600363076e-05,0.09299290445959492,0.902200957905469,0.45,0.41666666666666663,0.4,0.5,0.4,0.5,False,0,0.001,64
7,0.0001,0.5,21,9.572050015330873e-05,0.09721821817053351,0.7147203106255946,0.75,0.7878787878787878,0.5,0.5,1.0,0.5,False,0,0.001,64
7,0.0001,0.5,22,9.528893909706796e-05,0.08889223744345319,0.8070899199508801,0.55,0.5333333333333333,0.5,0.5,0.6,0.5,False,0,0.001,64
7,0.0001,0.5,23,9.483773213185093e-05,0.08661761253502719,0.8978142851567837,0.45,0.41666666666666663,0.4,0.5,0.4,0.5,False,0,0.001,64
7,0.0001,0.5,24,9.43670771719451e-05,0.08322987624794055,0.8549631793524253,0.55,0.5333333333333333,0.5,0.5,0.6,0.5,False,0,0.001,64
7,0.0001,0.5,25,9.387718066217123e-05,0.08524580409002912,0.5744814909635063,0.75,0.7878787878787878,0.5,0.5,1.0,0.6,False,0,0.001,64
7,0.0001,0.5,26,9.33682574873297e-05,0.09662825039997222,0.7701158732723997,0.65,0.65,0.5,0.5,0.8,0.5,False,0,0.001,64
7,0.0001,0.5,27,9.284053087794506e-05,0.08607334192771061,1.0441146689335452,0.55,0.5333333333333333,0.5,0.5,0.6,0.5,False,0,0.001,64
7,0.0001,0.5,28,9.229423231234973e-05,0.08321002168450387,0.7467355398892506,0.75,0.7878787878787878,0.5,0.5,1.0,0.5,False,0,0.001,64
7,0.0001,0.5,29,9.17296014151499e-05,0.07701028793290922,0.7047866260543478,0.75,0.7878787878787878,0.5,0.5,1.0,0.5,False,0,0.001,64
