model,dataset,condition,negative_class,config_index,fold,status,C,gamma,n_patients,accuracy,balanced_accuracy,recall_copd,recall_negative,precision_copd,f1_copd,macro_f1,min_class_recall,auroc,auprc_copd,tn,fp,fn,tp,threshold,best_epoch,epochs_run,stopped_early,seconds,error
svm_rbf,FRAIWAN_Extended,no_dn,Normal,0,0,COMPLETED,0.01,scale,7,0.2857142857142857,0.5,1.0,0.0,0.2857142857142857,0.4444444444444444,0.2222222222222222,0.0,0.7,0.7,0,5,0,2,0.0,,,,0.0033374628983438015,
svm_rbf,FRAIWAN_Extended,no_dn,Normal,0,1,COMPLETED,0.01,scale,7,0.7142857142857143,0.5,0.0,1.0,0.0,0.0,0.4166666666666667,0.0,0.7,0.7,5,0,2,0,0.0,,,,0.0033071950310841203,
svm_rbf,FRAIWAN_Extended,no_dn,Normal,0,2,COMPLETED,0.01,scale,7,0.8571428571428571,0.5,0.0,1.0,0.0,0.0,0.46153846153846156,0.0,0.33333333333333337,0.2,6,0,1,0,0.0,,,,0.003463782020844519,
svm_rbf,FRAIWAN_Extended,no_dn,Normal,0,3,COMPLETED,0.01,scale,7,0.14285714285714285,0.5,1.0,0.0,0.14285714285714285,0.25,0.125,0.0,1.0,1.0,0,6,0,1,0.0,,,,0.0032855240860953927,
svm_rbf,FRAIWAN_Extended,no_dn,Normal,0,4,COMPLETED,0.01,scale,6,0.8333333333333334,0.5,0.0,1.0,0.0,0.0,0.45454545454545453,0.0,1.0,1.0,5,0,1,0,0.0,,,,0.003288049018010497,
svm_rbf,FRAIWAN_Extended,no_dn,Normal,1,0,COMPLETED,0.01,0.0001,7,0.2857142857142857,0.5,1.0,0.0,0.2857142857142857,0.4444444444444444,0.2222222222222222,0.0,0.7,0.7,0,5,0,2,0.0,,,,0.002973792958073318,
svm_rbf,FRAIWAN_Extended,no_dn,Normal,1,1,COMPLETED,0.01,0.0001,7,0.7142857142857143,0.5,0.0,1.0,0.0,0.0,0.4166666666666667,0.0,1.0,1.0,5,0,2,0,0.0,,,,0.0031180070945993066,
svm_rbf,FRAIWAN_Extended,no_dn,Normal,1,2,COMPLETED,0.01,0.0001,7,0.8571428571428571,0.5,0.0,1.0,0.0,0.0,0.46153846153846156,0.0,1.0,1.0,6,0,1,0,0.0,,,,0.002963453996926546,
svm_rbf,FRAIWAN_Extended,no_dn,Normal,1,3,COMPLETED,0.01,0.0001,7,0.14285714285714285,0.5,1.0,0.0,0.14285714285714285,0.25,0.125,0.0,1.0,1.0,0,6,0,1,0.0,,,,0.002984001999720931,
svm_rbf,FRAIWAN_Extended,no_dn,Normal,1,4,COMPLETED,0.01,0.0001,6,0.8333333333333334,0.5,0.0,1.0,0.0,0.0,0.45454545454545453,0.0,1.0,1.0,5,0,1,0,0.0,,,,0.002952994080260396,
svm_rbf,FRAIWAN_Extended,no_dn,Normal,2,0,COMPLETED,0.01,0.001,7,0.2857142857142857,0.5,1.0,0.0,0.2857142857142857,0.4444444444444444,0.2222222222222222,0.0,0.7,0.7,0,5,0,2,0.0,,,,0.0029364319052547216,
svm_rbf,FRAIWAN_Extended,no_dn,Normal,2,1,COMPLETED,0.01,0.001,7,0.7142857142857143,0.5,0.0,1.0,0.0,0.0,0.4166666666666667,0.0,1.0,1.0,5,0,2,0,0.0,,,,0.002912968979217112,
svm_rbf,FRAIWAN_Extended,no_dn,Normal,2,2,COMPLETED,0.01,0.001,7,0.8571428571428571,0.5,0.0,1.0,0.0,0.0,0.46153846153846156,0.0,1.0,1.0,6,0,1,0,0.0,,,,0.002962411963380873,
svm_rbf,FRAIWAN_Extended,no_dn,Normal,2,3,COMPLETED,0.01,0.001,7,0.14285714285714285,0.5,1.0,0.0,0.14285714285714285,0.25,0.125,0.0,1.0,1.0,0,6,0,1,0.0,,,,0.002942112972959876,
svm_rbf,FRAIWAN_Extended,no_dn,Normal,2,4,COMPLETED,0.01,0.001,6,0.8333333333333334,0.5,0.0,1.0,0.0,0.0,0.45454545454545453,0.0,1.0,1.0,5,0,1,0,0.0,,,,0.002983490936458111,
svm_rbf,FRAIWAN_Extended,no_dn,Normal,3,0,COMPLETED,0.01,0.01,7,0.2857142857142857,0.5,1.0,0.0,0.2857142857142857,0.4444444444444444,0.2222222222222222,0.0,0.8,0.5833333333333333,0,5,0,2,0.0,,,,0.003035409958101809,
svm_rbf,FRAIWAN_Extended,no_dn,Normal,3,1,COMPLETED,0.01,0.01,7,0.7142857142857143,0.5,0.0,1.0,0.0,0.0,0.4166666666666667,0.0,0.6,0.6666666666666666,5,0,2,0,0.0,,,,0.002873443067073822,
svm_rbf,FRAIWAN_Extended,no_dn,Normal,3,2,COMPLETED,0.01,0.01,7,0.8571428571428571,0.5,0.0,1.0,0.0,0.0,0.46153846153846156,0.0,0.16666666666666663,0.16666666666666666,6,0,1,0,0.0,,,,0.0029696859419345856,
svm_rbf,FRAIWAN_Extended,no_dn,Normal,3,3,COMPLETED,0.01,0.01,7,0.14285714285714285,0.5,1.0,0.0,0.14285714285714285,0.25,0.125,0.0,1.0,1.0,0,6,0,1,0.0,,,,0.0028933710418641567,
svm_rbf,FRAIWAN_Extended,no_dn,Normal,3,4,COMPLETED,0.01,0.01,6,0.8333333333333334,0.5,0.0,1.0,0.0,0.0,0.45454545454545453,0.0,0.6,0.3333333333333333,5,0,1,0,0.0,,,,0.0030213029822334647,
svm_rbf,FRAIWAN_Extended,no_dn,Normal,4,0,COMPLETED,0.01,0.1,7,0.2857142857142857,0.5,1.0,0.0,0.2857142857142857,0.4444444444444444,0.2222222222222222,0.0,0.8,0.75,0,5,0,2,0.0,,,,0.00299740897025913,
svm_rbf,FRAIWAN_Extended,no_dn,Normal,4,1,COMPLETED,0.01,0.1,7,0.7142857142857143,0.5,0.0,1.0,0.0,0.0,0.4166666666666667,0.0,0.3,0.30952380952380953,5,0,2,0,0.0,,,,0.0029171761125326157,
svm_rbf,FRAIWAN_Extended,no_dn,Normal,4,2,COMPLETED,0.01,0.1,7,0.8571428571428571,0.5,0.0,1.0,0.0,0.0,0.46153846153846156,0.0,0.6666666666666667,0.3333333333333333,6,0,1,0,0.0,,,,0.0032596749952062964,
svm_rbf,FRAIWAN_Extended,no_dn,Normal,4,3,COMPLETED,0.01,0.1,7,0.14285714285714285,0.5,1.0,0.0,0.14285714285714285,0.25,0.125,0.0,0.8333333333333334,0.5,0,6,0,1,0.0,,,,0.0030094609828665853,
svm_rbf,FRAIWAN_Extended,no_dn,Normal,4,4,COMPLETED,0.01,0.1,6,0.8333333333333334,0.5,0.0,1.0,0.0,0.0,0.45454545454545453,0.0,0.8,0.5,5,0,1,0,0.0,,,,0.0029921680688858032,
svm_rbf,FRAIWAN_Extended,no_dn,Normal,5,0,COMPLETED,0.1,scale,7,0.5714285714285714,0.7,1.0,0.4,0.4,0.5714285714285714,0.5714285714285714,0.4,0.7,0.7,2,3,0,2,0.0,,,,0.0031205210834741592,
svm_rbf,FRAIWAN_Extended,no_dn,Normal,5,1,COMPLETED,0.1,scale,7,0.7142857142857143,0.5,0.0,1.0,0.0,0.0,0.4166666666666667,0.0,0.7,0.7,5,0,2,0,0.0,,,,0.0029586750315502286,
svm_rbf,FRAIWAN_Extended,no_dn,Normal,5,2,COMPLETED,0.1,scale,7,0.8571428571428571,0.5,0.0,1.0,0.0,0.0,0.46153846153846156,0.0,0.33333333333333337,0.2,6,0,1,0,0.0,,,,0.003017817041836679,
svm_rbf,FRAIWAN_Extended,no_dn,Normal,5,3,COMPLETED,0.1,scale,7,0.8571428571428571,0.5,0.0,1.0,0.0,0.0,0.46153846153846156,0.0,1.0,1.0,6,0,1,0,0.0,,,,0.0029019369976595044,
svm_rbf,FRAIWAN_Extended,no_dn,Normal,5,4,COMPLETED,0.1,scale,6,0.8333333333333334,0.5,0.0,1.0,0.0,0.0,0.45454545454545453,0.0,1.0,1.0,5,0,1,0,0.0,,,,0.0031850929372012615,
svm_rbf,FRAIWAN_Extended,no_dn,Normal,6,0,COMPLETED,0.1,0.0001,7,0.2857142857142857,0.5,1.0,0.0,0.2857142857142857,0.4444444444444444,0.2222222222222222,0.0,0.7,0.7,0,5,0,2,0.0,,,,0.002895293990150094,
svm_rbf,FRAIWAN_Extended,no_dn,Normal,6,1,COMPLETED,0.1,0.0001,7,0.2857142857142857,0.5,1.0,0.0,0.2857142857142857,0.4444444444444444,0.2222222222222222,0.0,1.0,1.0,0,5,0,2,0.0,,,,0.003240388003177941,
svm_rbf,FRAIWAN_Extended,no_dn,Normal,6,2,COMPLETED,0.1,0.0001,7,0.8571428571428571,0.5,0.0,1.0,0.0,0.0,0.46153846153846156,0.0,1.0,1.0,6,0,1,0,0.0,,,,0.002981998957693577,
svm_rbf,FRAIWAN_Extended,no_dn,Normal,6,3,COMPLETED,0.1,0.0001,7,0.8571428571428571,0.5,0.0,1.0,0.0,0.0,0.46153846153846156,0.0,1.0,1.0,6,0,1,0,0.0,,,,0.0028935009613633156,
svm_rbf,FRAIWAN_Extended,no_dn,Normal,6,4,COMPLETED,0.1,0.0001,6,0.8333333333333334,0.5,0.0,1.0,0.0,0.0,0.45454545454545453,0.0,1.0,1.0,5,0,1,0,0.0,,,,0.002961300080642104,
svm_rbf,FRAIWAN_Extended,no_dn,Normal,7,0,COMPLETED,0.1,0.001,7,0.5714285714285714,0.7,1.0,0.4,0.4,0.5714285714285714,0.5714285714285714,0.4,0.7,0.7,2,3,0,2,0.0,,,,0.002966460073366761,
svm_rbf,FRAIWAN_Extended,no_dn,Normal,7,1,COMPLETED,0.1,0.001,7,0.7142857142857143,0.5,0.0,1.0,0.0,0.0,0.4166666666666667,0.0,1.0,1.0,5,0,2,0,0.0,,,,0.002870397991500795,
svm_rbf,FRAIWAN_Extended,no_dn,Normal,7,2,COMPLETED,0.1,0.001,7,0.5714285714285714,0.75,1.0,0.5,0.25,0.4,0.5333333333333333,0.5,1.0,1.0,3,3,0,1,0.0,,,,0.0029737030854448676,
svm_rbf,FRAIWAN_Extended,no_dn,Normal,7,3,COMPLETED,0.1,0.001,7,0.8571428571428571,0.5,0.0,1.0,0.0,0.0,0.46153846153846156,0.0,1.0,1.0,6,0,1,0,0.0,,,,0.0028786429902538657,
svm_rbf,FRAIWAN_Extended,no_dn,Normal,7,4,COMPLETED,0.1,0.001,6,0.6666666666666666,0.8,1.0,0.6,0.3333333333333333,0.5,0.625,0.6,1.0,1.0,3,2,0,1,0.0,,,,0.00298062595538795,
svm_rbf,FRAIWAN_Extended,no_dn,Normal,8,0,COMPLETED,0.1,0.01,7,0.2857142857142857,0.5,1.0,0.0,0.2857142857142857,0.4444444444444444,0.2222222222222222,0.0,0.8,0.5833333333333333,0,5,0,2,0.0,,,,0.0029209129279479384,
svm_rbf,FRAIWAN_Extended,no_dn,Normal,8,1,COMPLETED,0.1,0.01,7,0.7142857142857143,0.5,0.0,1.0,0.0,0.0,0.4166666666666667,0.0,0.6,0.6666666666666666,5,0,2,0,0.0,,,,0.002906495938077569,
svm_rbf,FRAIWAN_Extended,no_dn,Normal,8,2,COMPLETED,0.1,0.01,7,0.8571428571428571,0.5,0.0,1.0,0.0,0.0,0.46153846153846156,0.0,0.16666666666666663,0.16666666666666666,6,0,1,0,0.0,,,,0.0029188989428803325,
svm_rbf,FRAIWAN_Extended,no_dn,Normal,8,3,COMPLETED,0.1,0.01,7,0.8571428571428571,0.5,0.0,1.0,0.0,0.0,0.46153846153846156,0.0,1.0,1.0,6,0,1,0,0.0,,,,0.0029895439511165023,
svm_rbf,FRAIWAN_Extended,no_dn,Normal,8,4,COMPLETED,0.1,0.01,6,0.16666666666666666,0.5,1.0,0.0,0.16666666666666666,0.2857142857142857,0.14285714285714285,0.0,0.6,0.3333333333333333,0,5,0,1,0.0,,,,0.0029778509633615613,
svm_rbf,FRAIWAN_Extended,no_dn,Normal,9,0,COMPLETED,0.1,0.1,7,0.2857142857142857,0.5,1.0,0.0,0.2857142857142857,0.4444444444444444,0.2222222222222222,0.0,0.8,0.75,0,5,0,2,0.0,,,,0.0029865779215469956,
svm_rbf,FRAIWAN_Extended,no_dn,Normal,9,1,COMPLETED,0.1,0.1,7,0.2857142857142857,0.5,1.0,0.0,0.2857142857142857,0.4444444444444444,0.2222222222222222,0.0,0.3,0.30952380952380953,0,5,0,2,0.0,,,,0.0028968380065634847,
svm_rbf,FRAIWAN_Extended,no_dn,Normal,9,2,COMPLETED,0.1,0.1,7,0.8571428571428571,0.5,0.0,1.0,0.0,0.0,0.46153846153846156,0.0,0.6666666666666667,0.3333333333333333,6,0,1,0,0.0,,,,0.00296362501103431,
svm_rbf,FRAIWAN_Extended,no_dn,Normal,9,3,COMPLETED,0.1,0.1,7,0.8571428571428571,0.5,0.0,1.0,0.0,0.0,0.46153846153846156,0.0,0.8333333333333334,0.5,6,0,1,0,0.0,,,,0.002953624934889376,
svm_rbf,FRAIWAN_Extended,no_dn,Normal,9,4,COMPLETED,0.1,0.1,6,0.16666666666666666,0.5,1.0,0.0,0.16666666666666666,0.2857142857142857,0.14285714285714285,0.0,0.8,0.5,0,5,0,1,0.0,,,,0.0029322949703782797,
svm_rbf,FRAIWAN_Extended,no_dn,Normal,10,0,COMPLETED,1.0,scale,7,0.7142857142857143,0.65,0.5,0.8,0.5,0.5,0.65,0.5,0.8,0.75,4,1,1,1,0.0,,,,0.002546503907069564,
svm_rbf,FRAIWAN_Extended,no_dn,Normal,10,1,COMPLETED,1.0,scale,7,0.7142857142857143,0.5,0.0,1.0,0.0,0.0,0.4166666666666667,0.0,0.7,0.7,5,0,2,0,0.0,,,,0.0024622950004413724,
svm_rbf,FRAIWAN_Extended,no_dn,Normal,10,2,COMPLETED,1.0,scale,7,0.8571428571428571,0.5,0.0,1.0,0.0,0.0,0.46153846153846156,0.0,0.16666666666666663,0.16666666666666666,6,0,1,0,0.0,,,,0.00272506196051836,
svm_rbf,FRAIWAN_Extended,no_dn,Normal,10,3,COMPLETED,1.0,scale,7,0.8571428571428571,0.5,0.0,1.0,0.0,0.0,0.46153846153846156,0.0,0.8333333333333334,0.5,6,0,1,0,0.0,,,,0.002627207082696259,
svm_rbf,FRAIWAN_Extended,no_dn,Normal,10,4,COMPLETED,1.0,scale,6,0.6666666666666666,0.4,0.0,0.8,0.0,0.0,0.4,0.0,0.8,0.5,4,1,1,0,0.0,,,,0.002665448933839798,
svm_rbf,FRAIWAN_Extended,no_dn,Normal,11,0,COMPLETED,1.0,0.0001,7,0.7142857142857143,0.65,0.5,0.8,0.5,0.5,0.65,0.5,0.7,0.7,4,1,1,1,0.0,,,,0.002855830010958016,
svm_rbf,FRAIWAN_Extended,no_dn,Normal,11,1,COMPLETED,1.0,0.0001,7,0.7142857142857143,0.5,0.0,1.0,0.0,0.0,0.4166666666666667,0.0,1.0,1.0,5,0,2,0,0.0,,,,0.002736594993621111,
svm_rbf,FRAIWAN_Extended,no_dn,Normal,11,2,COMPLETED,1.0,0.0001,7,0.8571428571428571,0.5,0.0,1.0,0.0,0.0,0.46153846153846156,0.0,1.0,1.0,6,0,1,0,0.0,,,,0.0028193900361657143,
svm_rbf,FRAIWAN_Extended,no_dn,Normal,11,3,COMPLETED,1.0,0.0001,7,1.0,1.0,1.0,1.0,1.0,1.0,1.0,1.0,1.0,1.0,6,0,0,1,0.0,,,,0.002896997961215675,
svm_rbf,FRAIWAN_Extended,no_dn,Normal,11,4,COMPLETED,1.0,0.0001,6,1.0,1.0,1.0,1.0,1.0,1.0,1.0,1.0,1.0,1.0,5,0,0,1,0.0,,,,0.002862502937205136,
svm_rbf,FRAIWAN_Extended,no_dn,Normal,12,0,COMPLETED,1.0,0.001,7,0.7142857142857143,0.65,0.5,0.8,0.5,0.5,0.65,0.5,0.8,0.75,4,1,1,1,0.0,,,,0.0024678449844941497,
svm_rbf,FRAIWAN_Extended,no_dn,Normal,12,1,COMPLETED,1.0,0.001,7,0.7142857142857143,0.5,0.0,1.0,0.0,0.0,0.4166666666666667,0.0,0.8,0.75,5,0,2,0,0.0,,,,0.0026188709307461977,
svm_rbf,FRAIWAN_Extended,no_dn,Normal,12,2,COMPLETED,1.0,0.001,7,0.5714285714285714,0.3333333333333333,0.0,0.6666666666666666,0.0,0.0,0.36363636363636365,0.0,0.16666666666666663,0.16666666666666666,4,2,1,0,0.0,,,,0.0024891949724406004,
svm_rbf,FRAIWAN_Extended,no_dn,Normal,12,3,COMPLETED,1.0,0.001,7,1.0,1.0,1.0,1.0,1.0,1.0,1.0,1.0,1.0,1.0,6,0,0,1,0.0,,,,0.002514743944630027,
svm_rbf,FRAIWAN_Extended,no_dn,Normal,12,4,COMPLETED,1.0,0.001,6,0.8333333333333334,0.9,1.0,0.8,0.5,0.6666666666666666,0.7777777777777777,0.8,1.0,1.0,4,1,0,1,0.0,,,,0.002580297994427383,
svm_rbf,FRAIWAN_Extended,no_dn,Normal,13,0,COMPLETED,1.0,0.01,7,0.7142857142857143,0.5,0.0,1.0,0.0,0.0,0.4166666666666667,0.0,0.7,0.5,5,0,2,0,0.0,,,,0.002845189068466425,
svm_rbf,FRAIWAN_Extended,no_dn,Normal,13,1,COMPLETED,1.0,0.01,7,0.7142857142857143,0.5,0.0,1.0,0.0,0.0,0.4166666666666667,0.0,0.5,0.6428571428571428,5,0,2,0,0.0,,,,0.002893190016038716,
svm_rbf,FRAIWAN_Extended,no_dn,Normal,13,2,COMPLETED,1.0,0.01,7,0.8571428571428571,0.5,0.0,1.0,0.0,0.0,0.46153846153846156,0.0,0.16666666666666663,0.16666666666666666,6,0,1,0,0.0,,,,0.0029196409741416574,
svm_rbf,FRAIWAN_Extended,no_dn,Normal,13,3,COMPLETED,1.0,0.01,7,0.8571428571428571,0.5,0.0,1.0,0.0,0.0,0.46153846153846156,0.0,0.8333333333333334,0.5,6,0,1,0,0.0,,,,0.002875867998227477,
svm_rbf,FRAIWAN_Extended,no_dn,Normal,13,4,COMPLETED,1.0,0.01,6,0.8333333333333334,0.5,0.0,1.0,0.0,0.0,0.45454545454545453,0.0,0.8,0.5,5,0,1,0,0.0,,,,0.002895956044085324,
svm_rbf,FRAIWAN_Extended,no_dn,Normal,14,0,COMPLETED,1.0,0.1,7,0.7142857142857143,0.5,0.0,1.0,0.0,0.0,0.4166666666666667,0.0,0.8,0.75,5,0,2,0,0.0,,,,0.0031133079901337624,
svm_rbf,FRAIWAN_Extended,no_dn,Normal,14,1,COMPLETED,1.0,0.1,7,0.7142857142857143,0.5,0.0,1.0,0.0,0.0,0.4166666666666667,0.0,0.2,0.26785714285714285,5,0,2,0,0.0,,,,0.003024729900062084,
svm_rbf,FRAIWAN_Extended,no_dn,Normal,14,2,COMPLETED,1.0,0.1,7,0.8571428571428571,0.5,0.0,1.0,0.0,0.0,0.46153846153846156,0.0,0.6666666666666667,0.3333333333333333,6,0,1,0,0.0,,,,0.00297145894728601,
svm_rbf,FRAIWAN_Extended,no_dn,Normal,14,3,COMPLETED,1.0,0.1,7,0.8571428571428571,0.5,0.0,1.0,0.0,0.0,0.46153846153846156,0.0,0.8333333333333334,0.5,6,0,1,0,0.0,,,,0.0029473340837284923,
svm_rbf,FRAIWAN_Extended,no_dn,Normal,14,4,COMPLETED,1.0,0.1,6,0.8333333333333334,0.5,0.0,1.0,0.0,0.0,0.45454545454545453,0.0,0.8,0.5,5,0,1,0,0.0,,,,0.0031088889809325337,
svm_rbf,FRAIWAN_Extended,no_dn,Normal,15,0,COMPLETED,10.0,scale,7,0.8571428571428571,0.75,0.5,1.0,1.0,0.6666666666666666,0.7878787878787878,0.5,0.8,0.75,5,0,1,1,0.0,,,,0.002815202926285565,
svm_rbf,FRAIWAN_Extended,no_dn,Normal,15,1,COMPLETED,10.0,scale,7,0.7142857142857143,0.5,0.0,1.0,0.0,0.0,0.4166666666666667,0.0,0.7,0.7,5,0,2,0,0.0,,,,0.002605234971269965,
svm_rbf,FRAIWAN_Extended,no_dn,Normal,15,2,COMPLETED,10.0,scale,7,0.8571428571428571,0.5,0.0,1.0,0.0,0.0,0.46153846153846156,0.0,0.16666666666666663,0.16666666666666666,6,0,1,0,0.0,,,,0.0027606699150055647,
svm_rbf,FRAIWAN_Extended,no_dn,Normal,15,3,COMPLETED,10.0,scale,7,0.8571428571428571,0.5,0.0,1.0,0.0,0.0,0.46153846153846156,0.0,0.8333333333333334,0.5,6,0,1,0,0.0,,,,0.0027308029821142554,
svm_rbf,FRAIWAN_Extended,no_dn,Normal,15,4,COMPLETED,10.0,scale,6,0.6666666666666666,0.4,0.0,0.8,0.0,0.0,0.4,0.0,0.8,0.5,4,1,1,0,0.0,,,,0.0028390880906954408,
svm_rbf,FRAIWAN_Extended,no_dn,Normal,16,0,COMPLETED,10.0,0.0001,7,0.8571428571428571,0.75,0.5,1.0,1.0,0.6666666666666666,0.7878787878787878,0.5,0.8,0.75,5,0,1,1,0.0,,,,0.0023725940845906734,
svm_rbf,FRAIWAN_Extended,no_dn,Normal,16,1,COMPLETED,10.0,0.0001,7,0.7142857142857143,0.5,0.0,1.0,0.0,0.0,0.4166666666666667,0.0,0.8,0.75,5,0,2,0,0.0,,,,0.0023186119506135583,
svm_rbf,FRAIWAN_Extended,no_dn,Normal,16,2,COMPLETED,10.0,0.0001,7,0.42857142857142855,0.25,0.0,0.5,0.0,0.0,0.3,0.0,0.16666666666666663,0.16666666666666666,3,3,1,0,0.0,,,,0.0026494889752939343,
svm_rbf,FRAIWAN_Extended,no_dn,Normal,16,3,COMPLETED,10.0,0.0001,7,1.0,1.0,1.0,1.0,1.0,1.0,1.0,1.0,1.0,1.0,6,0,0,1,0.0,,,,0.002550071105360985,
svm_rbf,FRAIWAN_Extended,no_dn,Normal,16,4,COMPLETED,10.0,0.0001,6,0.8333333333333334,0.9,1.0,0.8,0.5,0.6666666666666666,0.7777777777777777,0.8,1.0,1.0,4,1,0,1,0.0,,,,0.002562914974987507,
svm_rbf,FRAIWAN_Extended,no_dn,Normal,17,0,COMPLETED,10.0,0.001,7,0.7142857142857143,0.65,0.5,0.8,0.5,0.5,0.65,0.5,0.8,0.75,4,1,1,1,0.0,,,,0.002236476051621139,
svm_rbf,FRAIWAN_Extended,no_dn,Normal,17,1,COMPLETED,10.0,0.001,7,0.7142857142857143,0.5,0.0,1.0,0.0,0.0,0.4166666666666667,0.0,0.8,0.75,5,0,2,0,0.0,,,,0.0020466779824346304,
svm_rbf,FRAIWAN_Extended,no_dn,Normal,17,2,COMPLETED,10.0,0.001,7,0.7142857142857143,0.4166666666666667,0.0,0.8333333333333334,0.0,0.0,0.4166666666666667,0.0,0.16666666666666663,0.16666666666666666,5,1,1,0,0.0,,,,0.002193685038946569,
svm_rbf,FRAIWAN_Extended,no_dn,Normal,17,3,COMPLETED,10.0,0.001,7,1.0,1.0,1.0,1.0,1.0,1.0,1.0,1.0,1.0,1.0,6,0,0,1,0.0,,,,0.0021907100453972816,
svm_rbf,FRAIWAN_Extended,no_dn,Normal,17,4,COMPLETED,10.0,0.001,6,0.8333333333333334,0.9,1.0,0.8,0.5,0.6666666666666666,0.7777777777777777,0.8,1.0,1.0,4,1,0,1,0.0,,,,0.0022298030089586973,
svm_rbf,FRAIWAN_Extended,no_dn,Normal,18,0,COMPLETED,10.0,0.01,7,0.7142857142857143,0.5,0.0,1.0,0.0,0.0,0.4166666666666667,0.0,0.7,0.5,5,0,2,0,0.0,,,,0.002899972954764962,
svm_rbf,FRAIWAN_Extended,no_dn,Normal,18,1,COMPLETED,10.0,0.01,7,0.7142857142857143,0.5,0.0,1.0,0.0,0.0,0.4166666666666667,0.0,0.5,0.6428571428571428,5,0,2,0,0.0,,,,0.002757873968221247,
svm_rbf,FRAIWAN_Extended,no_dn,Normal,18,2,COMPLETED,10.0,0.01,7,0.8571428571428571,0.5,0.0,1.0,0.0,0.0,0.46153846153846156,0.0,0.16666666666666663,0.16666666666666666,6,0,1,0,0.0,,,,0.0028489079559221864,
svm_rbf,FRAIWAN_Extended,no_dn,Normal,18,3,COMPLETED,10.0,0.01,7,0.8571428571428571,0.5,0.0,1.0,0.0,0.0,0.46153846153846156,0.0,0.8333333333333334,0.5,6,0,1,0,0.0,,,,0.002858625026419759,
svm_rbf,FRAIWAN_Extended,no_dn,Normal,18,4,COMPLETED,10.0,0.01,6,0.8333333333333334,0.5,0.0,1.0,0.0,0.0,0.45454545454545453,0.0,0.8,0.5,5,0,1,0,0.0,,,,0.003055698936805129,
svm_rbf,FRAIWAN_Extended,no_dn,Normal,19,0,COMPLETED,10.0,0.1,7,0.7142857142857143,0.5,0.0,1.0,0.0,0.0,0.4166666666666667,0.0,0.8,0.75,5,0,2,0,0.0,,,,0.0031084889778867364,
svm_rbf,FRAIWAN_Extended,no_dn,Normal,19,1,COMPLETED,10.0,0.1,7,0.7142857142857143,0.5,0.0,1.0,0.0,0.0,0.4166666666666667,0.0,0.2,0.26785714285714285,5,0,2,0,0.0,,,,0.0032354689901694655,
svm_rbf,FRAIWAN_Extended,no_dn,Normal,19,2,COMPLETED,10.0,0.1,7,0.8571428571428571,0.5,0.0,1.0,0.0,0.0,0.46153846153846156,0.0,0.6666666666666667,0.3333333333333333,6,0,1,0,0.0,,,,0.0031191089656203985,
svm_rbf,FRAIWAN_Extended,no_dn,Normal,19,3,COMPLETED,10.0,0.1,7,0.8571428571428571,0.5,0.0,1.0,0.0,0.0,0.46153846153846156,0.0,0.8333333333333334,0.5,6,0,1,0,0.0,,,,0.003017887007445097,
svm_rbf,FRAIWAN_Extended,no_dn,Normal,19,4,COMPLETED,10.0,0.1,6,0.8333333333333334,0.5,0.0,1.0,0.0,0.0,0.45454545454545453,0.0,0.8,0.5,5,0,1,0,0.0,,,,0.0031826200429350138,
svm_rbf,FRAIWAN_Extended,no_dn,Normal,20,0,COMPLETED,100.0,scale,7,0.8571428571428571,0.75,0.5,1.0,1.0,0.6666666666666666,0.7878787878787878,0.5,0.8,0.75,5,0,1,1,0.0,,,,0.002722447970882058,
svm_rbf,FRAIWAN_Extended,no_dn,Normal,20,1,COMPLETED,100.0,scale,7,0.7142857142857143,0.5,0.0,1.0,0.0,0.0,0.4166666666666667,0.0,0.7,0.7,5,0,2,0,0.0,,,,0.0026169479824602604,
svm_rbf,FRAIWAN_Extended,no_dn,Normal,20,2,COMPLETED,100.0,scale,7,0.8571428571428571,0.5,0.0,1.0,0.0,0.0,0.46153846153846156,0.0,0.16666666666666663,0.16666666666666666,6,0,1,0,0.0,,,,0.0027389079332351685,
svm_rbf,FRAIWAN_Extended,no_dn,Normal,20,3,COMPLETED,100.0,scale,7,0.8571428571428571,0.5,0.0,1.0,0.0,0.0,0.46153846153846156,0.0,0.8333333333333334,0.5,6,0,1,0,0.0,,,,0.0027397299418225884,
svm_rbf,FRAIWAN_Extended,no_dn,Normal,20,4,COMPLETED,100.0,scale,6,0.6666666666666666,0.4,0.0,0.8,0.0,0.0,0.4,0.0,0.8,0.5,4,1,1,0,0.0,,,,0.002942743944004178,
svm_rbf,FRAIWAN_Extended,no_dn,Normal,21,0,COMPLETED,100.0,0.0001,7,0.7142857142857143,0.65,0.5,0.8,0.5,0.5,0.65,0.5,0.8,0.75,4,1,1,1,0.0,,,,0.0022892470005899668,
svm_rbf,FRAIWAN_Extended,no_dn,Normal,21,1,COMPLETED,100.0,0.0001,7,0.7142857142857143,0.5,0.0,1.0,0.0,0.0,0.4166666666666667,0.0,0.7,0.7,5,0,2,0,0.0,,,,0.0020437220809981227,
svm_rbf,FRAIWAN_Extended,no_dn,Normal,21,2,COMPLETED,100.0,0.0001,7,0.7142857142857143,0.4166666666666667,0.0,0.8333333333333334,0.0,0.0,0.4166666666666667,0.0,0.16666666666666663,0.16666666666666666,5,1,1,0,0.0,,,,0.002206270000897348,
svm_rbf,FRAIWAN_Extended,no_dn,Normal,21,3,COMPLETED,100.0,0.0001,7,1.0,1.0,1.0,1.0,1.0,1.0,1.0,1.0,1.0,1.0,6,0,0,1,0.0,,,,0.0022362469462677836,
svm_rbf,FRAIWAN_Extended,no_dn,Normal,21,4,COMPLETED,100.0,0.0001,6,0.8333333333333334,0.9,1.0,0.8,0.5,0.6666666666666666,0.7777777777777777,0.8,1.0,1.0,4,1,0,1,0.0,,,,0.0021784260170534253,
svm_rbf,FRAIWAN_Extended,no_dn,Normal,22,0,COMPLETED,100.0,0.001,7,0.8571428571428571,0.75,0.5,1.0,1.0,0.6666666666666666,0.7878787878787878,0.5,0.8,0.75,5,0,1,1,0.0,,,,0.002034543897025287,
svm_rbf,FRAIWAN_Extended,no_dn,Normal,22,1,COMPLETED,100.0,0.001,7,0.7142857142857143,0.5,0.0,1.0,0.0,0.0,0.4166666666666667,0.0,0.8,0.75,5,0,2,0,0.0,,,,0.0020229220390319824,
svm_rbf,FRAIWAN_Extended,no_dn,Normal,22,2,COMPLETED,100.0,0.001,7,0.7142857142857143,0.4166666666666667,0.0,0.8333333333333334,0.0,0.0,0.4166666666666667,0.0,0.16666666666666663,0.16666666666666666,5,1,1,0,0.0,,,,0.0021915510296821594,
svm_rbf,FRAIWAN_Extended,no_dn,Normal,22,3,COMPLETED,100.0,0.001,7,1.0,1.0,1.0,1.0,1.0,1.0,1.0,1.0,1.0,1.0,6,0,0,1,0.0,,,,0.002148419967852533,
svm_rbf,FRAIWAN_Extended,no_dn,Normal,22,4,COMPLETED,100.0,0.001,6,0.8333333333333334,0.9,1.0,0.8,0.5,0.6666666666666666,0.7777777777777777,0.8,0.8,0.5,4,1,0,1,0.0,,,,0.0021541600581258535,
svm_rbf,FRAIWAN_Extended,no_dn,Normal,23,0,COMPLETED,100.0,0.01,7,0.7142857142857143,0.5,0.0,1.0,0.0,0.0,0.4166666666666667,0.0,0.7,0.5,5,0,2,0,0.0,,,,0.002899172017350793,
svm_rbf,FRAIWAN_Extended,no_dn,Normal,23,1,COMPLETED,100.0,0.01,7,0.7142857142857143,0.5,0.0,1.0,0.0,0.0,0.4166666666666667,0.0,0.5,0.6428571428571428,5,0,2,0,0.0,,,,0.002860439009964466,
svm_rbf,FRAIWAN_Extended,no_dn,Normal,23,2,COMPLETED,100.0,0.01,7,0.8571428571428571,0.5,0.0,1.0,0.0,0.0,0.46153846153846156,0.0,0.16666666666666663,0.16666666666666666,6,0,1,0,0.0,,,,0.002921634935773909,
svm_rbf,FRAIWAN_Extended,no_dn,Normal,23,3,COMPLETED,100.0,0.01,7,0.8571428571428571,0.5,0.0,1.0,0.0,0.0,0.46153846153846156,0.0,0.8333333333333334,0.5,6,0,1,0,0.0,,,,0.002793212071992457,
svm_rbf,FRAIWAN_Extended,no_dn,Normal,23,4,COMPLETED,100.0,0.01,6,0.8333333333333334,0.5,0.0,1.0,0.0,0.0,0.45454545454545453,0.0,0.8,0.5,5,0,1,0,0.0,,,,0.0029817690374329686,
svm_rbf,FRAIWAN_Extended,no_dn,Normal,24,0,COMPLETED,100.0,0.1,7,0.7142857142857143,0.5,0.0,1.0,0.0,0.0,0.4166666666666667,0.0,0.8,0.75,5,0,2,0,0.0,,,,0.0030660489574074745,
svm_rbf,FRAIWAN_Extended,no_dn,Normal,24,1,COMPLETED,100.0,0.1,7,0.7142857142857143,0.5,0.0,1.0,0.0,0.0,0.4166666666666667,0.0,0.2,0.26785714285714285,5,0,2,0,0.0,,,,0.0029116160003468394,
svm_rbf,FRAIWAN_Extended,no_dn,Normal,24,2,COMPLETED,100.0,0.1,7,0.8571428571428571,0.5,0.0,1.0,0.0,0.0,0.46153846153846156,0.0,0.6666666666666667,0.3333333333333333,6,0,1,0,0.0,,,,0.003103818977251649,
svm_rbf,FRAIWAN_Extended,no_dn,Normal,24,3,COMPLETED,100.0,0.1,7,0.8571428571428571,0.5,0.0,1.0,0.0,0.0,0.46153846153846156,0.0,0.8333333333333334,0.5,6,0,1,0,0.0,,,,0.003107295953668654,
svm_rbf,FRAIWAN_Extended,no_dn,Normal,24,4,COMPLETED,100.0,0.1,6,0.8333333333333334,0.5,0.0,1.0,0.0,0.0,0.45454545454545453,0.0,0.8,0.5,5,0,1,0,0.0,,,,0.003223216044716537,
svm_rbf,FRAIWAN_Extended,no_dn,Normal,25,0,COMPLETED,1000.0,scale,7,0.8571428571428571,0.75,0.5,1.0,1.0,0.6666666666666666,0.7878787878787878,0.5,0.8,0.75,5,0,1,1,0.0,,,,0.0027317849453538656,
svm_rbf,FRAIWAN_Extended,no_dn,Normal,25,1,COMPLETED,1000.0,scale,7,0.7142857142857143,0.5,0.0,1.0,0.0,0.0,0.4166666666666667,0.0,0.7,0.7,5,0,2,0,0.0,,,,0.002802809001877904,
svm_rbf,FRAIWAN_Extended,no_dn,Normal,25,2,COMPLETED,1000.0,scale,7,0.8571428571428571,0.5,0.0,1.0,0.0,0.0,0.46153846153846156,0.0,0.16666666666666663,0.16666666666666666,6,0,1,0,0.0,,,,0.0027454510563984513,
svm_rbf,FRAIWAN_Extended,no_dn,Normal,25,3,COMPLETED,1000.0,scale,7,0.8571428571428571,0.5,0.0,1.0,0.0,0.0,0.46153846153846156,0.0,0.8333333333333334,0.5,6,0,1,0,0.0,,,,0.0027035209350287914,
svm_rbf,FRAIWAN_Extended,no_dn,Normal,25,4,COMPLETED,1000.0,scale,6,0.6666666666666666,0.4,0.0,0.8,0.0,0.0,0.4,0.0,0.8,0.5,4,1,1,0,0.0,,,,0.002865548012778163,
svm_rbf,FRAIWAN_Extended,no_dn,Normal,26,0,COMPLETED,1000.0,0.0001,7,0.8571428571428571,0.75,0.5,1.0,1.0,0.6666666666666666,0.7878787878787878,0.5,0.8,0.75,5,0,1,1,0.0,,,,0.0020444230176508427,
svm_rbf,FRAIWAN_Extended,no_dn,Normal,26,1,COMPLETED,1000.0,0.0001,7,0.7142857142857143,0.5,0.0,1.0,0.0,0.0,0.4166666666666667,0.0,0.8,0.75,5,0,2,0,0.0,,,,0.0019712550565600395,
svm_rbf,FRAIWAN_Extended,no_dn,Normal,26,2,COMPLETED,1000.0,0.0001,7,0.7142857142857143,0.4166666666666667,0.0,0.8333333333333334,0.0,0.0,0.4166666666666667,0.0,0.16666666666666663,0.16666666666666666,5,1,1,0,0.0,,,,0.0020632989471778274,
svm_rbf,FRAIWAN_Extended,no_dn,Normal,26,3,COMPLETED,1000.0,0.0001,7,1.0,1.0,1.0,1.0,1.0,1.0,1.0,1.0,1.0,1.0,6,0,0,1,0.0,,,,0.00218988792039454,
svm_rbf,FRAIWAN_Extended,no_dn,Normal,26,4,COMPLETED,1000.0,0.0001,6,0.8333333333333334,0.9,1.0,0.8,0.5,0.6666666666666666,0.7777777777777777,0.8,1.0,1.0,4,1,0,1,0.0,,,,0.0021757519571110606,
svm_rbf,FRAIWAN_Extended,no_dn,Normal,27,0,COMPLETED,1000.0,0.001,7,0.8571428571428571,0.75,0.5,1.0,1.0,0.6666666666666666,0.7878787878787878,0.5,0.8,0.75,5,0,1,1,0.0,,,,0.0020650119986385107,
svm_rbf,FRAIWAN_Extended,no_dn,Normal,27,1,COMPLETED,1000.0,0.001,7,0.7142857142857143,0.5,0.0,1.0,0.0,0.0,0.4166666666666667,0.0,0.8,0.75,5,0,2,0,0.0,,,,0.0020193259697407484,
svm_rbf,FRAIWAN_Extended,no_dn,Normal,27,2,COMPLETED,1000.0,0.001,7,0.7142857142857143,0.4166666666666667,0.0,0.8333333333333334,0.0,0.0,0.4166666666666667,0.0,0.16666666666666663,0.16666666666666666,5,1,1,0,0.0,,,,0.002045714994892478,
svm_rbf,FRAIWAN_Extended,no_dn,Normal,27,3,COMPLETED,1000.0,0.001,7,1.0,1.0,1.0,1.0,1.0,1.0,1.0,1.0,1.0,1.0,6,0,0,1,0.0,,,,0.0021494519896805286,
svm_rbf,FRAIWAN_Extended,no_dn,Normal,27,4,COMPLETED,1000.0,0.001,6,0.8333333333333334,0.9,1.0,0.8,0.5,0.6666666666666666,0.7777777777777777,0.8,0.8,0.5,4,1,0,1,0.0,,,,0.0021224910160526633,
svm_rbf,FRAIWAN_Extended,no_dn,Normal,28,0,COMPLETED,1000.0,0.01,7,0.7142857142857143,0.5,0.0,1.0,0.0,0.0,0.4166666666666667,0.0,0.7,0.5,5,0,2,0,0.0,,,,0.0028702470008283854,
svm_rbf,FRAIWAN_Extended,no_dn,Normal,28,1,COMPLETED,1000.0,0.01,7,0.7142857142857143,0.5,0.0,1.0,0.0,0.0,0.4166666666666667,0.0,0.5,0.6428571428571428,5,0,2,0,0.0,,,,0.002814491046592593,
svm_rbf,FRAIWAN_Extended,no_dn,Normal,28,2,COMPLETED,1000.0,0.01,7,0.8571428571428571,0.5,0.0,1.0,0.0,0.0,0.46153846153846156,0.0,0.16666666666666663,0.16666666666666666,6,0,1,0,0.0,,,,0.002850258955731988,
svm_rbf,FRAIWAN_Extended,no_dn,Normal,28,3,COMPLETED,1000.0,0.01,7,0.8571428571428571,0.5,0.0,1.0,0.0,0.0,0.46153846153846156,0.0,0.8333333333333334,0.5,6,0,1,0,0.0,,,,0.0028662800323218107,
svm_rbf,FRAIWAN_Extended,no_dn,Normal,28,4,COMPLETED,1000.0,0.01,6,0.8333333333333334,0.5,0.0,1.0,0.0,0.0,0.45454545454545453,0.0,0.8,0.5,5,0,1,0,0.0,,,,0.0029751559486612678,
svm_rbf,FRAIWAN_Extended,no_dn,Normal,29,0,COMPLETED,1000.0,0.1,7,0.7142857142857143,0.5,0.0,1.0,0.0,0.0,0.4166666666666667,0.0,0.8,0.75,5,0,2,0,0.0,,,,0.003044367069378495,
svm_rbf,FRAIWAN_Extended,no_dn,Normal,29,1,COMPLETED,1000.0,0.1,7,0.7142857142857143,0.5,0.0,1.0,0.0,0.0,0.4166666666666667,0.0,0.2,0.26785714285714285,5,0,2,0,0.0,,,,0.002984263002872467,
svm_rbf,FRAIWAN_Extended,no_dn,Normal,29,2,COMPLETED,1000.0,0.1,7,0.8571428571428571,0.5,0.0,1.0,0.0,0.0,0.46153846153846156,0.0,0.6666666666666667,0.3333333333333333,6,0,1,0,0.0,,,,0.003312204033136368,
svm_rbf,FRAIWAN_Extended,no_dn,Normal,29,3,COMPLETED,1000.0,0.1,7,0.8571428571428571,0.5,0.0,1.0,0.0,0.0,0.46153846153846156,0.0,0.8333333333333334,0.5,6,0,1,0,0.0,,,,0.0029862879309803247,
svm_rbf,FRAIWAN_Extended,no_dn,Normal,29,4,COMPLETED,1000.0,0.1,6,0.8333333333333334,0.5,0.0,1.0,0.0,0.0,0.45454545454545453,0.0,0.8,0.5,5,0,1,0,0.0,,,,0.003164665075019002,
