patient_uid,target_label,device_signature,score,fold
ICBHI_102,0,Meditron,0.1605144680055508,0
ICBHI_110,1,Meditron,0.1605144680055508,0
ICBHI_114,1,AKGC417L,0.8918506195951681,0
ICBHI_126,0,Meditron,0.1605144680055508,0
ICBHI_127,0,Meditron,0.1605144680055508,0
ICBHI_134,1,LittC2SE,0.8607458769838865,0
ICBHI_138,1,AKGC417L,0.8918506195951681,0
ICBHI_139,1,Litt3200,0.8626833752804741,0
ICBHI_159,0,Meditron,0.1605144680055508,0
ICBHI_170,1,AKGC417L,0.8918506195951681,0
ICBHI_172,1,AKGC417L,0.8918506195951681,0
ICBHI_186,1,AKGC417L,0.8918506195951681,0
ICBHI_194,0,Meditron,0.1605144680055508,0
ICBHI_212,1,LittC2SE,0.8607458769838865,0
ICBHI_220,1,LittC2SE,0.8607458769838865,0
ICBHI_118,1,Litt3200,0.8233266887947673,1
ICBHI_124,1,Litt3200,0.8233266887947673,1
ICBHI_136,0,Meditron,0.167139247732471,1
ICBHI_141,1,LittC2SE,0.8657016669524136,1
ICBHI_153,0,Meditron,0.167139247732471,1
ICBHI_154,1,AKGC417L,0.8956243401185734,1
ICBHI_155,1,LittC2SE,0.8657016669524136,1
ICBHI_180,1,AKGC417L,0.8956243401185734,1
ICBHI_182,0,Meditron,0.167139247732471,1
ICBHI_189,1,LittC2SE,0.8657016669524136,1
ICBHI_204,1,AKGC417L,0.8956243401185734,1
ICBHI_207,1,AKGC417L,0.8956243401185734,1
ICBHI_211,1,AKGC417L,0.8956243401185734,1
ICBHI_218,1,Litt3200|Meditron,0.29927254183475055,1
ICBHI_224,0,Meditron,0.167139247732471,1
ICBHI_109,1,Litt3200,0.8567914164469194,2
ICBHI_117,1,LittC2SE,0.8615642108682868,2
ICBHI_130,1,AKGC417L,0.8958020100957614,2
ICBHI_142,1,LittC2SE,0.8615642108682868,2
ICBHI_144,0,Meditron,0.15952914711372215,2
ICBHI_145,1,AKGC417L,0.8958020100957614,2
ICBHI_146,1,AKGC417L,0.8958020100957614,2
ICBHI_152,0,Meditron,0.15952914711372215,2
ICBHI_157,1,Meditron,0.15952914711372215,2
ICBHI_171,0,Meditron,0.15952914711372215,2
ICBHI_181,1,LittC2SE,0.8615642108682868,2
ICBHI_184,0,Meditron,0.15952914711372215,2
ICBHI_185,1,Litt3200,0.8567914164469194,2
ICBHI_205,1,AKGC417L,0.8958020100957614,2
ICBHI_104,1,Litt3200,0.8580860262149279,3
ICBHI_106,1,LittC2SE,0.8667044844207908,3
ICBHI_125,0,Meditron,0.15994592871625393,3
ICBHI_158,1,AKGC417L|LittC2SE,0.9636753781012727,3
ICBHI_163,1,AKGC417L,0.8953652934327658,3
ICBHI_175,1,Litt3200,0.8580860262149279,3
ICBHI_179,0,Meditron,0.15994592871625393,3
ICBHI_198,1,AKGC417L,0.8953652934327658,3
ICBHI_199,1,LittC2SE,0.8667044844207908,3
ICBHI_203,1,AKGC417L,0.8953652934327658,3
ICBHI_209,0,Meditron,0.15994592871625393,3
ICBHI_213,1,AKGC417L,0.8953652934327658,3
ICBHI_214,0,Meditron,0.15994592871625393,3
ICBHI_223,1,Meditron,0.15994592871625393,3
ICBHI_113,1,Litt3200,0.8644878306623319,4
ICBHI_120,1,Meditron,0.15955462962997125,4
ICBHI_123,0,Meditron,0.15955462962997125,4
ICBHI_132,1,LittC2SE,0.8622257259230055,4
ICBHI_133,1,AKGC417L,0.8931018469172286,4
ICBHI_151,1,AKGC417L,0.8931018469172286,4
ICBHI_156,1,AKGC417L,0.8931018469172286,4
ICBHI_174,1,AKGC417L,0.8931018469172286,4
ICBHI_177,1,AKGC417L,0.8931018469172286,4
ICBHI_183,0,Meditron,0.15955462962997125,4
ICBHI_192,1,LittC2SE,0.8622257259230055,4
ICBHI_202,0,Meditron,0.15955462962997125,4
ICBHI_217,0,Meditron,0.15955462962997125,4
ICBHI_221,1,LittC2SE,0.8622257259230055,4
