config_index,lr,dropout,epoch,lr_epoch,train_loss,val_loss,val_balanced_accuracy,val_macro_f1,val_min_class_recall,val_recall_copd,val_recall_control,val_auroc,improved,fold,weight_decay,batch_size
12,0.0003,0.5,1,0.0003,0.623592871764577,0.30780189724984325,0.6282051282051282,0.6178660049627791,0.3333333333333333,0.9230769230769231,0.3333333333333333,0.8974358974358976,True,1,0.0001,32
12,0.0003,0.5,2,0.00029996721217948936,0.38492030964265717,0.2999230435164221,0.8675213675213675,0.8610526315789473,0.8461538461538461,0.8461538461538461,0.8888888888888888,0.8632478632478633,True,1,0.0001,32
12,0.0003,0.5,3,0.00029986886309977926,0.226024207576039,0.7357329971709041,0.8846153846153846,0.8633540372670807,0.7692307692307693,0.7692307692307693,1.0,0.9487179487179488,True,1,0.0001,32
12,0.0003,0.5,4,0.00029970499590002654,0.1625284143000978,0.3172345623732271,0.8675213675213675,0.8610526315789473,0.8461538461538461,0.8461538461538461,0.8888888888888888,0.8803418803418803,False,1,0.0001,32
12,0.0003,0.5,5,0.00029947568245780083,0.16184957131887662,0.323446153699132,0.8675213675213675,0.8610526315789473,0.8461538461538461,0.8461538461538461,0.8888888888888888,0.888888888888889,False,1,0.0001,32
12,0.0003,0.5,6,0.0002991810233575568,0.08660720982192671,0.34870429130591757,0.905982905982906,0.905982905982906,0.8888888888888888,0.9230769230769231,0.8888888888888888,0.8974358974358974,True,1,0.0001,32
12,0.0003,0.5,7,0.0002988211478465144,0.07999864813714642,0.25884238390279873,0.7008547008547008,0.7053571428571428,0.5555555555555556,0.8461538461538461,0.5555555555555556,0.8376068376068376,False,1,0.0001,32
12,0.0003,0.5,8,0.00029839621377796666,0.056749662323662714,0.2652814400585095,0.7948717948717949,0.8035714285714286,0.6666666666666666,0.9230769230769231,0.6666666666666666,0.888888888888889,False,1,0.0001,32
12,0.0003,0.5,9,0.0002979064075420404,0.03542327080956237,0.40165473684065034,0.7564102564102564,0.7603485838779956,0.6666666666666666,0.8461538461538461,0.6666666666666666,0.8717948717948718,False,1,0.0001,32
12,0.0003,0.5,10,0.0002973519439839389,0.02871420230409031,0.6652218283379584,0.829059829059829,0.8166666666666667,0.7692307692307693,0.7692307692307693,0.8888888888888888,0.8205128205128205,False,1,0.0001,32
12,0.0003,0.5,11,0.00029673306630970386,0.018010868862654655,0.3101269056899146,0.7564102564102564,0.7603485838779956,0.6666666666666666,0.8461538461538461,0.6666666666666666,0.8717948717948718,False,1,0.0001,32
12,0.0003,0.5,12,0.00029605004597953736,0.03171704956878335,0.35411143752752844,0.8504273504273505,0.8562091503267973,0.7777777777777778,0.9230769230769231,0.7777777777777778,0.8803418803418804,False,1,0.0001,32
12,0.0003,0.5,13,0.00029530318258873023,0.024135087184528278,0.4002096151339729,0.811965811965812,0.811965811965812,0.7777777777777778,0.8461538461538461,0.7777777777777778,0.8461538461538463,False,1,0.0001,32
12,0.0003,0.5,14,0.0002944928037362498,0.01219616227088685,0.4088466116759513,0.7564102564102564,0.7603485838779956,0.6666666666666666,0.8461538461538461,0.6666666666666666,0.8461538461538463,False,1,0.0001,32
12,0.0003,0.5,15,0.0002936192648810439,0.008291824810943219,0.35889288138784464,0.811965811965812,0.811965811965812,0.7777777777777778,0.8461538461538461,0.7777777777777778,0.8803418803418804,False,1,0.0001,32
12,0.0003,0.5,16,0.00029268294918612537,0.01774379852884015,0.5929993711799137,0.811965811965812,0.811965811965812,0.7777777777777778,0.8461538461538461,0.7777777777777778,0.8717948717948718,False,1,0.0001,32
12,0.0003,0.5,17,0.00029168426735050334,0.01358014120546208,0.36555839481569447,0.811965811965812,0.811965811965812,0.7777777777777778,0.8461538461538461,0.7777777777777778,0.829059829059829,False,1,0.0001,32
12,0.0003,0.5,18,0.0002906236574290377,0.009624020353714464,0.27889518782291123,0.811965811965812,0.811965811965812,0.7777777777777778,0.8461538461538461,0.7777777777777778,0.8974358974358975,False,1,0.0001,32
12,0.0003,0.5,19,0.0002895015846402935,0.03119774727451829,0.4041512654964659,0.8675213675213675,0.8610526315789473,0.8461538461538461,0.8461538461538461,0.8888888888888888,0.8632478632478632,False,1,0.0001,32
12,0.0003,0.5,20,0.00028831854116248074,0.005607264513748599,0.3983709317757108,0.7564102564102564,0.7603485838779956,0.6666666666666666,0.8461538461538461,0.6666666666666666,0.8632478632478633,False,1,0.0001,32
12,0.0003,0.5,21,0.0002870750459175687,0.0050877173520115565,0.36770448774867864,0.7008547008547008,0.7053571428571428,0.5555555555555556,0.8461538461538461,0.5555555555555556,0.8632478632478633,False,1,0.0001,32
