config_index,lr,dropout,epoch,lr_epoch,train_loss,val_loss,val_balanced_accuracy,val_macro_f1,val_min_class_recall,val_recall_copd,val_recall_healthy,val_auroc,improved,fold,weight_decay,batch_size
18,0.001,0.5,1,0.001,0.5809914480424468,0.16880803400474223,0.8500000000000001,0.8500000000000001,0.8,0.9,0.8,0.9000000000000001,True,0,1e-05,64
18,0.001,0.5,2,0.0009998904513956854,0.44173073912668154,0.19070264590072916,0.75,0.7619047619047619,0.6,0.9,0.6,0.92,False,0,1e-05,64
18,0.001,0.5,3,0.00099956185363438,0.29408821864648904,0.5737091113610852,0.9,0.8611111111111112,0.8,0.8,1.0,0.9600000000000001,True,0,1e-05,64
18,0.001,0.5,4,0.0009990143508499217,0.20466879068057625,0.10886337995843083,0.6,0.5833333333333334,0.2,1.0,0.2,1.0,False,0,1e-05,64
18,0.001,0.5,5,0.0009982481831951274,0.1278733577966942,0.2245904453107256,1.0,1.0,1.0,1.0,1.0,1.0,True,0,1e-05,64
18,0.001,0.5,6,0.0009972636867364526,0.10770359241767215,0.18229909710080439,1.0,1.0,1.0,1.0,1.0,1.0,True,0,1e-05,64
18,0.001,0.5,7,0.0009960612933065818,0.10153445746302919,0.14004671716123196,1.0,1.0,1.0,1.0,1.0,1.0,True,0,1e-05,64
18,0.001,0.5,8,0.0009946415303150127,0.09092542818785343,0.052295812480729426,1.0,1.0,1.0,1.0,1.0,1.0,True,0,1e-05,64
18,0.001,0.5,9,0.0009930050205167172,0.06009442451012966,0.1617305413831398,0.6,0.5833333333333334,0.2,1.0,0.2,0.9400000000000001,False,0,1e-05,64
18,0.001,0.5,10,0.00099115248173898,0.11080778789732604,0.14410571806864017,1.0,1.0,1.0,1.0,1.0,1.0,False,0,1e-05,64
18,0.001,0.5,11,0.0009890847265665358,0.11460704111965934,0.12685173239936653,0.8,0.8295454545454546,0.6,1.0,0.6,1.0,False,0,1e-05,64
18,0.001,0.5,12,0.0009868026619851433,0.05845775523720377,0.17538126661223813,1.0,1.0,1.0,1.0,1.0,1.0,False,0,1e-05,64
18,0.001,0.5,13,0.000984307288983751,0.0351587147734827,0.10116610693050603,0.9,0.9206349206349206,0.8,1.0,0.8,1.0,False,0,1e-05,64
18,0.001,0.5,14,0.0009815997021154301,0.016952726744731316,0.08102767299468558,0.9,0.9206349206349206,0.8,1.0,0.8,1.0,False,0,1e-05,64
18,0.001,0.5,15,0.0009786810890172674,0.018572929128807685,0.09015982671942602,0.9,0.9206349206349206,0.8,1.0,0.8,1.0,False,0,1e-05,64
18,0.001,0.5,16,0.0009755527298894293,0.05655816196214567,0.09681778212206398,0.9,0.9206349206349206,0.8,1.0,0.8,1.0,False,0,1e-05,64
18,0.001,0.5,17,0.0009722159969336218,0.012590545167378014,0.12205295827477645,0.9,0.9206349206349206,0.8,1.0,0.8,1.0,False,0,1e-05,64
18,0.001,0.5,18,0.0009686723537511998,0.00445253976974469,0.09197789430586159,0.9,0.9206349206349206,0.8,1.0,0.8,1.0,False,0,1e-05,64
18,0.001,0.5,19,0.0009649233547011815,0.003867711145696474,0.13156173891943562,0.9,0.9206349206349206,0.8,1.0,0.8,1.0,False,0,1e-05,64
18,0.001,0.5,20,0.0009609706442184559,0.03540540102262166,0.08997850183044095,0.9,0.9206349206349206,0.8,1.0,0.8,1.0,False,0,1e-05,64
18,0.001,0.5,21,0.000956815956092479,0.025344824606854797,0.16458352902696466,0.9,0.9206349206349206,0.8,1.0,0.8,1.0,False,0,1e-05,64
18,0.001,0.5,22,0.0009524611127067767,0.013093693521340185,0.09694237402624846,0.9,0.9206349206349206,0.8,1.0,0.8,1.0,False,0,1e-05,64
18,0.001,0.5,23,0.0009479080242395866,0.061071295410614096,0.02232133144493173,1.0,1.0,1.0,1.0,1.0,1.0,True,0,1e-05,64
18,0.001,0.5,24,0.0009431586878259915,0.007908140065623728,0.2610241256694683,1.0,1.0,1.0,1.0,1.0,1.0,False,0,1e-05,64
18,0.001,0.5,25,0.0009382151866819096,0.03625082105055758,0.12995018628268568,1.0,1.0,1.0,1.0,1.0,1.0,False,0,1e-05,64
18,0.001,0.5,26,0.0009330796891903268,0.01034096930504664,0.07332435916390023,1.0,1.0,1.0,1.0,1.0,1.0,False,0,1e-05,64
18,0.001,0.5,27,0.0009277544479501729,0.012456462235788716,0.09225692055010001,1.0,1.0,1.0,1.0,1.0,1.0,False,0,1e-05,64
18,0.001,0.5,28,0.0009222417987882563,0.03663525283903649,0.1323232833189352,1.0,1.0,1.0,1.0,1.0,1.0,False,0,1e-05,64
18,0.001,0.5,29,0.0009165441597346945,0.014560512204064013,0.12246978920282811,1.0,1.0,1.0,1.0,1.0,1.0,False,0,1e-05,64
18,0.001,0.5,30,0.000910664029962285,0.004367852485115722,0.10514766819696848,1.0,1.0,1.0,1.0,1.0,1.0,False,0,1e-05,64
18,0.001,0.5,31,0.000904603988690286,0.005734213282995229,0.045688635710436805,1.0,1.0,1.0,1.0,1.0,1.0,False,0,1e-05,64
18,0.001,0.5,32,0.0008983666940530858,0.0063857580053586094,0.10074943928023891,0.9,0.9206349206349206,0.8,1.0,0.8,1.0,False,0,1e-05,64
18,0.001,0.5,33,0.0008919548819342568,0.002106741864130401,0.10215523999162743,1.0,1.0,1.0,1.0,1.0,1.0,False,0,1e-05,64
18,0.001,0.5,34,0.0008853713647665065,0.0015694303538616328,0.11917156448627166,1.0,1.0,1.0,1.0,1.0,1.0,False,0,1e-05,64
18,0.001,0.5,35,0.0008786190302980521,0.015360125139423553,0.12536640398899376,1.0,1.0,1.0,1.0,1.0,1.0,False,0,1e-05,64
18,0.001,0.5,36,0.0008717008403259583,0.0010205868895611359,0.09999613958978015,1.0,1.0,1.0,1.0,1.0,1.0,False,0,1e-05,64
18,0.001,0.5,37,0.0008646198293969948,0.0004276774088582501,0.10070839010030203,1.0,1.0,1.0,1.0,1.0,1.0,False,0,1e-05,64
18,0.001,0.5,38,0.0008573791034765851,0.0002553553119492685,0.09251060915435223,1.0,1.0,1.0,1.0,1.0,1.0,False,0,1e-05,64
