config_index,lr,dropout,weight_decay,batch_size,accuracy_mean,balanced_accuracy_mean,recall_copd_mean,recall_negative_mean,macro_f1_mean,min_class_recall_mean,auroc_mean,auprc_copd_mean,accuracy_std,balanced_accuracy_std,recall_copd_std,recall_negative_std,macro_f1_std,min_class_recall_std,auroc_std,auprc_copd_std,n_folds_completed,median_best_epoch,n_folds_incomplete,complete,selected
0,0.0001,0.3,1e-05,16,0.9336796536796538,0.9312820512820512,0.9692307692307691,0.8933333333333333,0.9319327485380116,0.8847863247863248,0.9083916083916084,0.906205787832582,0.06259671402446214,0.06380729718406254,0.06880209161537813,0.10587670444063639,0.06411605204911562,0.10802823742131729,0.0891133854722903,0.10501179459533733,5,9.0,0,True,False
1,0.0001,0.3,0.001,64,0.9155411255411255,0.9167871017871019,0.8980186480186481,0.9355555555555555,0.9146887982569769,0.8757964257964257,0.9614141414141415,0.9759182545102894,0.07709706347977173,0.07497098062139272,0.11510024764008224,0.05900408021045225,0.07754634170261696,0.10025752911201596,0.05384132120021607,0.0329753880437007,5,4.0,0,True,False
2,0.0001,0.4,1e-05,32,0.925064935064935,0.927898212898213,0.8980186480186481,0.9577777777777777,0.9245043042388581,0.8980186480186481,0.9604195804195804,0.9767445433354525,0.06223544108060041,0.06167424150621614,0.07059464708383283,0.05794846582402357,0.06285650523087176,0.07059464708383283,0.0525284018126883,0.02655827389075633,5,5.0,0,True,False
3,0.0001,0.4,0.0001,16,0.9059740259740259,0.9070745920745921,0.9008158508158509,0.9133333333333333,0.9047755505364201,0.8545532245532245,0.9275796425796425,0.9338897970716152,0.055356608605496835,0.05316098410584484,0.0829763982816557,0.09242948596926853,0.05607394788333645,0.0742836434456526,0.06826673233273071,0.056100145482107594,5,7.0,0,True,False
4,0.0001,0.4,0.0001,32,0.9341558441558441,0.9333022533022532,0.951048951048951,0.9155555555555555,0.9331473953425764,0.9070085470085469,0.9445843045843045,0.9592767453955183,0.07040230872186076,0.0699125981799767,0.07062590865987471,0.08520128672302583,0.07134407730165944,0.09052246464040302,0.06354950606828826,0.0452447369248799,5,3.0,0,True,False
5,0.0001,0.4,0.001,64,0.925064935064935,0.9249689199689201,0.9343822843822844,0.9155555555555555,0.9239023624705412,0.8721600621600623,0.9702874902874903,0.9787645687645687,0.04007089255746312,0.03965765933881422,0.0658580353737857,0.08520128672302583,0.0411185699241907,0.04875442745373504,0.04301236569845183,0.029271894285683588,5,5.0,0,True,False
6,0.0001,0.5,0.001,16,0.9241558441558441,0.9196814296814297,0.9482517482517483,0.8911111111111112,0.9217937781173076,0.872929292929293,0.9263558663558664,0.9283256493230729,0.052847019604885664,0.058395159844044225,0.04758328905231888,0.11122216672215286,0.05550806502761646,0.09525632778382172,0.08405928240674464,0.10095624257567354,5,4.0,0,True,False
7,0.0001,0.5,0.001,64,0.9341558441558441,0.9342113442113442,0.9328671328671329,0.9355555555555555,0.9333656286729379,0.9088267288267288,0.9381041181041182,0.934896113987023,0.051854714127290924,0.050433018981905726,0.06645196653541038,0.05900408021045225,0.0526811920853687,0.05638251943941333,0.0770722420216711,0.09423519447192324,5,4.0,0,True,True
8,0.0003,0.3,0.0001,64,0.9146320346320346,0.9121911421911422,0.951048951048951,0.8733333333333334,0.9129332570556826,0.8647863247863248,0.943030303030303,0.9482565727576985,0.060894028295955735,0.06123992635662955,0.07062590865987471,0.08874989132318155,0.06194096034735953,0.08893489933469727,0.053875420770208626,0.05971954578973056,5,13.0,0,True,False
9,0.0003,0.4,1e-05,32,0.9154978354978356,0.9118376068376068,0.9525641025641025,0.8711111111111112,0.9130056537665233,0.8544444444444445,0.9500349650349651,0.9579115329115329,0.06799114409056319,0.07172100137430323,0.06957417205751354,0.11800816042090446,0.0705235941520022,0.09972183534434392,0.0502347685336316,0.051810322322499776,5,4.0,0,True,False
10,0.0003,0.4,0.0001,16,0.9236796536796537,0.9176612276612277,0.9664335664335664,0.8688888888888888,0.9201509209744504,0.8688888888888888,0.902983682983683,0.8995186243437991,0.07252820105759993,0.07962876109580852,0.046227954911995564,0.14538157541152114,0.0766615966301464,0.14538157541152114,0.10347464950067467,0.10714482402257484,5,7.0,0,True,False
11,0.0003,0.5,1e-05,64,0.9150649350649351,0.9147668997668997,0.9162004662004662,0.9133333333333333,0.9136527435188763,0.86993783993784,0.9368298368298369,0.9502189610745762,0.03850064683839912,0.040269893408568985,0.05484113372377877,0.09242948596926853,0.039785820256850686,0.05847955830207729,0.07404850017579875,0.057248424632310176,5,9.0,0,True,False
12,0.0003,0.5,0.0001,32,0.8955411255411254,0.8938073038073039,0.8965034965034965,0.8911111111111112,0.8936073872135253,0.8565656565656565,0.9255167055167055,0.9384294936290001,0.0769339098431995,0.07969740376173794,0.07017439834574603,0.11122216672215286,0.07903065736896926,0.09646332433384498,0.07280571082758384,0.05777887545973308,5,4.0,0,True,False
13,0.001,0.2,0.0001,16,0.9054978354978355,0.904009324009324,0.9146853146853147,0.8933333333333333,0.9039200230229978,0.861010101010101,0.966876456876457,0.9766746132655223,0.06615477846774978,0.0667154683158915,0.08455467972135297,0.07880276989554286,0.06807159953672444,0.05940132572775179,0.04899174440900879,0.03218425790559099,5,10.0,0,True,False
14,0.001,0.3,1e-05,64,0.9150649350649351,0.9087723387723388,0.9664335664335664,0.8511111111111112,0.9124434457646868,0.8511111111111112,0.9433411033411033,0.9534112082898589,0.03850064683839912,0.042475863425943325,0.046227954911995564,0.0669438681395203,0.041114930002047335,0.0669438681395203,0.05163237105241069,0.04482292636291837,5,13.0,0,True,False
15,0.001,0.3,0.0001,32,0.9336796536796538,0.9321911421911422,0.951048951048951,0.9133333333333333,0.9322862838915469,0.9047863247863248,0.9497746697746698,0.9613252730632411,0.06259671402446214,0.06328039059807283,0.07062590865987471,0.09242948596926853,0.06391967447005906,0.09711222292296812,0.08515640680484343,0.06574117676634733,5,12.0,0,True,False
16,0.001,0.4,0.001,16,0.9332034632034631,0.9301709401709403,0.9692307692307691,0.8911111111111112,0.9305995423340961,0.8825641025641027,0.9613053613053613,0.9655353737171918,0.0725495147785354,0.07656349955777603,0.06880209161537813,0.1361734551098092,0.07604855175701952,0.13768060877579355,0.05314480836863073,0.048153460046209184,5,9.0,0,True,False
17,0.001,0.5,1e-05,32,0.9150649350649351,0.9167871017871019,0.8980186480186481,0.9355555555555555,0.9142840566501894,0.8921600621600622,0.9611266511266512,0.9766288257197347,0.03850064683839912,0.03887638578254452,0.02917829316344997,0.05900408021045225,0.039456054107745,0.027730688565890452,0.052138703286992515,0.027776919104814633,5,7.0,0,True,False
18,0.001,0.5,1e-05,64,0.9236796536796537,0.9231002331002331,0.9328671328671329,0.9133333333333333,0.9224290801404814,0.9047863247863248,0.9302408702408702,0.9390634499190649,0.07252820105759993,0.07349675567837187,0.06645196653541038,0.09242948596926853,0.07395848508290319,0.09711222292296812,0.07181518530509079,0.07087591375199258,5,6.0,0,True,False
19,0.001,0.5,0.0001,64,0.9336796536796538,0.9315501165501165,0.9497668997668998,0.9133333333333333,0.9321187235088837,0.8784848484848485,0.9548096348096348,0.9631229939446723,0.026803844054694725,0.031859798617701926,0.046122785102734015,0.09242948596926853,0.028731945846776134,0.0572443055625165,0.028715125224052365,0.02820047335882413,5,9.0,0,True,False
