fpr,tpr,threshold
0.0,0.0,inf
0.0,0.0196078431372549,0.9839668165524567
0.0,0.23529411764705882,0.9380749806916187
0.047619047619047616,0.23529411764705882,0.9276117448958708
0.047619047619047616,0.2549019607843137,0.926188105925094
0.14285714285714285,0.2549019607843137,0.9123325848251117
0.14285714285714285,0.3333333333333333,0.8719380718644609
0.19047619047619047,0.3333333333333333,0.8635580659045161
0.19047619047619047,0.5490196078431373,0.7494456968606321
0.23809523809523808,0.5490196078431373,0.7146008860899145
0.23809523809523808,0.6666666666666666,0.6081587319506261
0.2857142857142857,0.6666666666666666,0.5989394177225541
0.2857142857142857,0.7843137254901961,0.49942832538001647
0.3333333333333333,0.7843137254901961,0.4934960518103595
0.3333333333333333,0.803921568627451,0.4913943278252999
0.47619047619047616,0.803921568627451,0.4444943004064934
0.47619047619047616,0.8235294117647058,0.44244721255709396
0.5238095238095238,0.8235294117647058,0.4134686873191726
0.5238095238095238,0.8431372549019608,0.3833668029902882
0.6190476190476191,0.8431372549019608,0.29659954630529817
0.6190476190476191,0.8627450980392157,0.2835153792909942
0.7142857142857143,0.8627450980392157,0.24396325393595086
0.7142857142857143,0.8823529411764706,0.24338653186976483
0.8095238095238095,0.8823529411764706,0.22181032033198647
0.8095238095238095,0.9019607843137255,0.21975574346014462
0.8571428571428571,0.9019607843137255,0.1780016270590258
0.8571428571428571,0.9215686274509803,0.15697632029024158
0.9047619047619048,0.9215686274509803,0.12988628940647023
0.9047619047619048,0.9411764705882353,0.028602171756659092
0.9523809523809523,0.9411764705882353,0.014360447434536733
0.9523809523809523,0.9607843137254902,0.01222214787062481
1.0,0.9607843137254902,0.00922836348300507
1.0,1.0,0.003934840526165829
