fpr,tpr,umbral
0.0,0.0,inf
0.0,0.14285714285714285,0.8121772530130512
0.0,0.42857142857142855,0.25163124881885024
0.07407407407407407,0.42857142857142855,0.171185499590685
0.07407407407407407,0.5714285714285714,0.11351635997061771
0.4444444444444444,0.5714285714285714,-0.07653925301376985
0.4444444444444444,0.7142857142857143,-0.10140254228174699
0.5555555555555556,0.7142857142857143,-0.1638991522259679
0.5555555555555556,0.8571428571428571,-0.1701788875814149
0.7407407407407407,0.8571428571428571,-0.2680141616010539
0.7407407407407407,1.0,-0.29106821840795943
1.0,1.0,-0.9328358892581535
