segment_id,audio_id,patient_uid,target_label,source_dataset,device,score,fold
FRAIWAN_F025_Extended_000,FRAIWAN_F025_Extended,FRAIWAN_F025,1,FRAIWAN,Litt3200,0.9999904091121344,0
FRAIWAN_F025_Extended_001,FRAIWAN_F025_Extended,FRAIWAN_F025,1,FRAIWAN,Litt3200,0.9999994755616856,0
FRAIWAN_F025_Extended_002,FRAIWAN_F025_Extended,FRAIWAN_F025,1,FRAIWAN,Litt3200,0.9999982119354642,0
FRAIWAN_F084_Extended_000,FRAIWAN_F084_Extended,FRAIWAN_F084,0,FRAIWAN,Litt3200,0.0915444032754915,0
FRAIWAN_F084_Extended_001,FRAIWAN_F084_Extended,FRAIWAN_F084,0,FRAIWAN,Litt3200,0.0669342032023494,0
FRAIWAN_F084_Extended_002,FRAIWAN_F084_Extended,FRAIWAN_F084,0,FRAIWAN,Litt3200,0.0239163870998585,0
FRAIWAN_F084_Extended_003,FRAIWAN_F084_Extended,FRAIWAN_F084,0,FRAIWAN,Litt3200,0.0066411126420774,0
FRAIWAN_F084_Extended_004,FRAIWAN_F084_Extended,FRAIWAN_F084,0,FRAIWAN,Litt3200,0.0787840167568373,0
FRAIWAN_F084_Extended_005,FRAIWAN_F084_Extended,FRAIWAN_F084,0,FRAIWAN,Litt3200,0.673728566457886,0
FRAIWAN_F084_Extended_006,FRAIWAN_F084_Extended,FRAIWAN_F084,0,FRAIWAN,Litt3200,0.8991213772699436,0
FRAIWAN_F084_Extended_007,FRAIWAN_F084_Extended,FRAIWAN_F084,0,FRAIWAN,Litt3200,0.9843964652097964,0
FRAIWAN_F084_Extended_008,FRAIWAN_F084_Extended,FRAIWAN_F084,0,FRAIWAN,Litt3200,0.9994579072738564,0
FRAIWAN_F092_Extended_000,FRAIWAN_F092_Extended,FRAIWAN_F092,0,FRAIWAN,Litt3200,0.0155436479307706,0
FRAIWAN_F092_Extended_001,FRAIWAN_F092_Extended,FRAIWAN_F092,0,FRAIWAN,Litt3200,0.0052201256935583,0
FRAIWAN_F092_Extended_002,FRAIWAN_F092_Extended,FRAIWAN_F092,0,FRAIWAN,Litt3200,0.448849006156473,0
FRAIWAN_F093_Extended_000,FRAIWAN_F093_Extended,FRAIWAN_F093,0,FRAIWAN,Litt3200,0.984810951192016,0
FRAIWAN_F093_Extended_001,FRAIWAN_F093_Extended,FRAIWAN_F093,0,FRAIWAN,Litt3200,0.999208370392716,0
FRAIWAN_F100_Extended_000,FRAIWAN_F100_Extended,FRAIWAN_F100,0,FRAIWAN,Litt3200,0.9816303618907108,0
FRAIWAN_F100_Extended_001,FRAIWAN_F100_Extended,FRAIWAN_F100,0,FRAIWAN,Litt3200,0.992988204618503,0
FRAIWAN_F100_Extended_002,FRAIWAN_F100_Extended,FRAIWAN_F100,0,FRAIWAN,Litt3200,0.9998867656214416,0
FRAIWAN_F100_Extended_003,FRAIWAN_F100_Extended,FRAIWAN_F100,0,FRAIWAN,Litt3200,0.9972850145309948,0
FRAIWAN_F103_Extended_000,FRAIWAN_F103_Extended,FRAIWAN_F103,0,FRAIWAN,Litt3200,0.0519415615012261,0
FRAIWAN_F103_Extended_001,FRAIWAN_F103_Extended,FRAIWAN_F103,0,FRAIWAN,Litt3200,0.5072283476898534,0
FRAIWAN_F103_Extended_002,FRAIWAN_F103_Extended,FRAIWAN_F103,0,FRAIWAN,Litt3200,0.0054905632024992,0
FRAIWAN_F103_Extended_003,FRAIWAN_F103_Extended,FRAIWAN_F103,0,FRAIWAN,Litt3200,0.0129204730390789,0
FRAIWAN_F111_Extended_000,FRAIWAN_F111_Extended,FRAIWAN_F111,1,FRAIWAN,Litt3200,0.8753614294639163,0
FRAIWAN_F111_Extended_001,FRAIWAN_F111_Extended,FRAIWAN_F111,1,FRAIWAN,Litt3200,0.9206471055441224,0
FRAIWAN_F111_Extended_002,FRAIWAN_F111_Extended,FRAIWAN_F111,1,FRAIWAN,Litt3200,0.9969721649754316,0
FRAIWAN_F111_Extended_003,FRAIWAN_F111_Extended,FRAIWAN_F111,1,FRAIWAN,Litt3200,0.9805806518175514,0
FRAIWAN_F111_Extended_004,FRAIWAN_F111_Extended,FRAIWAN_F111,1,FRAIWAN,Litt3200,0.3325271190691307,0
FRAIWAN_F048_Extended_000,FRAIWAN_F048_Extended,FRAIWAN_F048,0,FRAIWAN,Litt3200,0.8799743722456386,1
FRAIWAN_F048_Extended_001,FRAIWAN_F048_Extended,FRAIWAN_F048,0,FRAIWAN,Litt3200,0.9727790975901732,1
FRAIWAN_F048_Extended_002,FRAIWAN_F048_Extended,FRAIWAN_F048,0,FRAIWAN,Litt3200,0.9007046022173545,1
FRAIWAN_F048_Extended_003,FRAIWAN_F048_Extended,FRAIWAN_F048,0,FRAIWAN,Litt3200,0.6926419831347361,1
FRAIWAN_F048_Extended_004,FRAIWAN_F048_Extended,FRAIWAN_F048,0,FRAIWAN,Litt3200,0.95275028649851,1
FRAIWAN_F061_Extended_000,FRAIWAN_F061_Extended,FRAIWAN_F061,1,FRAIWAN,Litt3200,0.8804891362585583,1
FRAIWAN_F061_Extended_001,FRAIWAN_F061_Extended,FRAIWAN_F061,1,FRAIWAN,Litt3200,0.6947170576578352,1
FRAIWAN_F061_Extended_002,FRAIWAN_F061_Extended,FRAIWAN_F061,1,FRAIWAN,Litt3200,0.2143623076634429,1
FRAIWAN_F061_Extended_003,FRAIWAN_F061_Extended,FRAIWAN_F061,1,FRAIWAN,Litt3200,0.6136418077099374,1
FRAIWAN_F061_Extended_004,FRAIWAN_F061_Extended,FRAIWAN_F061,1,FRAIWAN,Litt3200,0.6217131804343418,1
FRAIWAN_F071_Extended_000,FRAIWAN_F071_Extended,FRAIWAN_F071,0,FRAIWAN,Litt3200,0.0703038499819461,1
FRAIWAN_F071_Extended_001,FRAIWAN_F071_Extended,FRAIWAN_F071,0,FRAIWAN,Litt3200,0.0950130519879038,1
FRAIWAN_F071_Extended_002,FRAIWAN_F071_Extended,FRAIWAN_F071,0,FRAIWAN,Litt3200,0.0675466911396291,1
FRAIWAN_F071_Extended_003,FRAIWAN_F071_Extended,FRAIWAN_F071,0,FRAIWAN,Litt3200,0.0523276268463932,1
FRAIWAN_F072_Extended_000,FRAIWAN_F072_Extended,FRAIWAN_F072,0,FRAIWAN,Litt3200,0.631935082803167,1
FRAIWAN_F072_Extended_001,FRAIWAN_F072_Extended,FRAIWAN_F072,0,FRAIWAN,Litt3200,0.1263533396406133,1
FRAIWAN_F072_Extended_002,FRAIWAN_F072_Extended,FRAIWAN_F072,0,FRAIWAN,Litt3200,0.1129910084485673,1
FRAIWAN_F072_Extended_003,FRAIWAN_F072_Extended,FRAIWAN_F072,0,FRAIWAN,Litt3200,0.1066905939456511,1
FRAIWAN_F072_Extended_004,FRAIWAN_F072_Extended,FRAIWAN_F072,0,FRAIWAN,Litt3200,0.0998206675676231,1
FRAIWAN_F072_Extended_005,FRAIWAN_F072_Extended,FRAIWAN_F072,0,FRAIWAN,Litt3200,0.0759952148189579,1
FRAIWAN_F072_Extended_006,FRAIWAN_F072_Extended,FRAIWAN_F072,0,FRAIWAN,Litt3200,0.0818127121715077,1
FRAIWAN_F072_Extended_007,FRAIWAN_F072_Extended,FRAIWAN_F072,0,FRAIWAN,Litt3200,0.1217901665743338,1
FRAIWAN_F075_Extended_000,FRAIWAN_F075_Extended,FRAIWAN_F075,0,FRAIWAN,Litt3200,0.2494472434633411,1
FRAIWAN_F075_Extended_001,FRAIWAN_F075_Extended,FRAIWAN_F075,0,FRAIWAN,Litt3200,0.1257079487621533,1
FRAIWAN_F075_Extended_002,FRAIWAN_F075_Extended,FRAIWAN_F075,0,FRAIWAN,Litt3200,0.1194081401832078,1
FRAIWAN_F075_Extended_003,FRAIWAN_F075_Extended,FRAIWAN_F075,0,FRAIWAN,Litt3200,0.2529372381962416,1
FRAIWAN_F075_Extended_004,FRAIWAN_F075_Extended,FRAIWAN_F075,0,FRAIWAN,Litt3200,0.1405720439332568,1
FRAIWAN_F075_Extended_005,FRAIWAN_F075_Extended,FRAIWAN_F075,0,FRAIWAN,Litt3200,0.1561048974454574,1
FRAIWAN_F075_Extended_006,FRAIWAN_F075_Extended,FRAIWAN_F075,0,FRAIWAN,Litt3200,0.1819889777820885,1
FRAIWAN_F075_Extended_007,FRAIWAN_F075_Extended,FRAIWAN_F075,0,FRAIWAN,Litt3200,0.2059342415453694,1
FRAIWAN_F089_Extended_000,FRAIWAN_F089_Extended,FRAIWAN_F089,0,FRAIWAN,Litt3200,0.4027444183212707,1
FRAIWAN_F089_Extended_001,FRAIWAN_F089_Extended,FRAIWAN_F089,0,FRAIWAN,Litt3200,0.3140505449918074,1
FRAIWAN_F089_Extended_002,FRAIWAN_F089_Extended,FRAIWAN_F089,0,FRAIWAN,Litt3200,0.4159660499018929,1
FRAIWAN_F089_Extended_003,FRAIWAN_F089_Extended,FRAIWAN_F089,0,FRAIWAN,Litt3200,0.339170667152646,1
FRAIWAN_F089_Extended_004,FRAIWAN_F089_Extended,FRAIWAN_F089,0,FRAIWAN,Litt3200,0.0844927539750092,1
FRAIWAN_F089_Extended_005,FRAIWAN_F089_Extended,FRAIWAN_F089,0,FRAIWAN,Litt3200,0.2170054741491156,1
FRAIWAN_F089_Extended_006,FRAIWAN_F089_Extended,FRAIWAN_F089,0,FRAIWAN,Litt3200,0.3811043916841833,1
FRAIWAN_F108_Extended_000,FRAIWAN_F108_Extended,FRAIWAN_F108,1,FRAIWAN,Litt3200,0.81684509245858,1
FRAIWAN_F108_Extended_001,FRAIWAN_F108_Extended,FRAIWAN_F108,1,FRAIWAN,Litt3200,0.5795193962695273,1
FRAIWAN_F108_Extended_002,FRAIWAN_F108_Extended,FRAIWAN_F108,1,FRAIWAN,Litt3200,0.2146914191122419,1
FRAIWAN_F108_Extended_003,FRAIWAN_F108_Extended,FRAIWAN_F108,1,FRAIWAN,Litt3200,0.3434518248862082,1
FRAIWAN_F108_Extended_004,FRAIWAN_F108_Extended,FRAIWAN_F108,1,FRAIWAN,Litt3200,0.185356627815024,1
FRAIWAN_F108_Extended_005,FRAIWAN_F108_Extended,FRAIWAN_F108,1,FRAIWAN,Litt3200,0.5940214814103535,1
FRAIWAN_F108_Extended_006,FRAIWAN_F108_Extended,FRAIWAN_F108,1,FRAIWAN,Litt3200,0.5880613942228418,1
FRAIWAN_F108_Extended_007,FRAIWAN_F108_Extended,FRAIWAN_F108,1,FRAIWAN,Litt3200,0.7479843044691752,1
FRAIWAN_F017_Extended_000,FRAIWAN_F017_Extended,FRAIWAN_F017,1,FRAIWAN,Litt3200,0.4089847231723039,2
FRAIWAN_F017_Extended_001,FRAIWAN_F017_Extended,FRAIWAN_F017,1,FRAIWAN,Litt3200,0.2783548658182691,2
FRAIWAN_F017_Extended_002,FRAIWAN_F017_Extended,FRAIWAN_F017,1,FRAIWAN,Litt3200,0.2083399519473829,2
FRAIWAN_F017_Extended_003,FRAIWAN_F017_Extended,FRAIWAN_F017,1,FRAIWAN,Litt3200,0.9337939759583312,2
FRAIWAN_F017_Extended_004,FRAIWAN_F017_Extended,FRAIWAN_F017,1,FRAIWAN,Litt3200,0.904986948012096,2
FRAIWAN_F032_Extended_000,FRAIWAN_F032_Extended,FRAIWAN_F032,0,FRAIWAN,Litt3200,0.2934044820389496,2
FRAIWAN_F032_Extended_001,FRAIWAN_F032_Extended,FRAIWAN_F032,0,FRAIWAN,Litt3200,0.5768399705986108,2
FRAIWAN_F032_Extended_002,FRAIWAN_F032_Extended,FRAIWAN_F032,0,FRAIWAN,Litt3200,0.5494895290301831,2
FRAIWAN_F032_Extended_003,FRAIWAN_F032_Extended,FRAIWAN_F032,0,FRAIWAN,Litt3200,0.4764578499749672,2
FRAIWAN_F032_Extended_004,FRAIWAN_F032_Extended,FRAIWAN_F032,0,FRAIWAN,Litt3200,0.4198858057650677,2
FRAIWAN_F032_Extended_005,FRAIWAN_F032_Extended,FRAIWAN_F032,0,FRAIWAN,Litt3200,0.2853719562091067,2
FRAIWAN_F073_Extended_000,FRAIWAN_F073_Extended,FRAIWAN_F073,0,FRAIWAN,Litt3200,0.2379298916111697,2
FRAIWAN_F073_Extended_001,FRAIWAN_F073_Extended,FRAIWAN_F073,0,FRAIWAN,Litt3200,0.256459376834781,2
FRAIWAN_F073_Extended_002,FRAIWAN_F073_Extended,FRAIWAN_F073,0,FRAIWAN,Litt3200,0.2653090254809762,2
FRAIWAN_F073_Extended_003,FRAIWAN_F073_Extended,FRAIWAN_F073,0,FRAIWAN,Litt3200,0.1869841786785816,2
FRAIWAN_F073_Extended_004,FRAIWAN_F073_Extended,FRAIWAN_F073,0,FRAIWAN,Litt3200,0.0832919225567441,2
FRAIWAN_F073_Extended_005,FRAIWAN_F073_Extended,FRAIWAN_F073,0,FRAIWAN,Litt3200,0.0361519375828691,2
FRAIWAN_F074_Extended_000,FRAIWAN_F074_Extended,FRAIWAN_F074,0,FRAIWAN,Litt3200,0.0918697814869704,2
FRAIWAN_F074_Extended_001,FRAIWAN_F074_Extended,FRAIWAN_F074,0,FRAIWAN,Litt3200,0.0450995694043975,2
FRAIWAN_F074_Extended_002,FRAIWAN_F074_Extended,FRAIWAN_F074,0,FRAIWAN,Litt3200,0.0574932788003858,2
FRAIWAN_F074_Extended_003,FRAIWAN_F074_Extended,FRAIWAN_F074,0,FRAIWAN,Litt3200,0.1024842192524987,2
FRAIWAN_F074_Extended_004,FRAIWAN_F074_Extended,FRAIWAN_F074,0,FRAIWAN,Litt3200,0.139865653485956,2
FRAIWAN_F074_Extended_005,FRAIWAN_F074_Extended,FRAIWAN_F074,0,FRAIWAN,Litt3200,0.149655612999026,2
FRAIWAN_F074_Extended_006,FRAIWAN_F074_Extended,FRAIWAN_F074,0,FRAIWAN,Litt3200,0.18922126767821,2
FRAIWAN_F074_Extended_007,FRAIWAN_F074_Extended,FRAIWAN_F074,0,FRAIWAN,Litt3200,0.1917813724492648,2
FRAIWAN_F074_Extended_008,FRAIWAN_F074_Extended,FRAIWAN_F074,0,FRAIWAN,Litt3200,0.1957477792349831,2
FRAIWAN_F083_Extended_000,FRAIWAN_F083_Extended,FRAIWAN_F083,0,FRAIWAN,Litt3200,0.5691942454174254,2
FRAIWAN_F083_Extended_001,FRAIWAN_F083_Extended,FRAIWAN_F083,0,FRAIWAN,Litt3200,0.5437113705841675,2
FRAIWAN_F083_Extended_002,FRAIWAN_F083_Extended,FRAIWAN_F083,0,FRAIWAN,Litt3200,0.5516341164704666,2
FRAIWAN_F083_Extended_003,FRAIWAN_F083_Extended,FRAIWAN_F083,0,FRAIWAN,Litt3200,0.412234346993158,2
FRAIWAN_F083_Extended_004,FRAIWAN_F083_Extended,FRAIWAN_F083,0,FRAIWAN,Litt3200,0.379550848390854,2
FRAIWAN_F083_Extended_005,FRAIWAN_F083_Extended,FRAIWAN_F083,0,FRAIWAN,Litt3200,0.4445044849315792,2
FRAIWAN_F083_Extended_006,FRAIWAN_F083_Extended,FRAIWAN_F083,0,FRAIWAN,Litt3200,0.4877877686450794,2
FRAIWAN_F083_Extended_007,FRAIWAN_F083_Extended,FRAIWAN_F083,0,FRAIWAN,Litt3200,0.539256197589289,2
FRAIWAN_F083_Extended_008,FRAIWAN_F083_Extended,FRAIWAN_F083,0,FRAIWAN,Litt3200,0.5576947520535497,2
FRAIWAN_F096_Extended_000,FRAIWAN_F096_Extended,FRAIWAN_F096,0,FRAIWAN,Litt3200,0.3821414428552591,2
FRAIWAN_F096_Extended_001,FRAIWAN_F096_Extended,FRAIWAN_F096,0,FRAIWAN,Litt3200,0.3444434400578218,2
FRAIWAN_F096_Extended_002,FRAIWAN_F096_Extended,FRAIWAN_F096,0,FRAIWAN,Litt3200,0.4409807668045386,2
FRAIWAN_F096_Extended_003,FRAIWAN_F096_Extended,FRAIWAN_F096,0,FRAIWAN,Litt3200,0.4793361174193523,2
FRAIWAN_F096_Extended_004,FRAIWAN_F096_Extended,FRAIWAN_F096,0,FRAIWAN,Litt3200,0.4943239743089895,2
FRAIWAN_F109_Extended_000,FRAIWAN_F109_Extended,FRAIWAN_F109,0,FRAIWAN,Litt3200,0.3279910899411035,2
FRAIWAN_F109_Extended_001,FRAIWAN_F109_Extended,FRAIWAN_F109,0,FRAIWAN,Litt3200,0.1492831669974588,2
FRAIWAN_F109_Extended_002,FRAIWAN_F109_Extended,FRAIWAN_F109,0,FRAIWAN,Litt3200,0.2602014318490933,2
FRAIWAN_F109_Extended_003,FRAIWAN_F109_Extended,FRAIWAN_F109,0,FRAIWAN,Litt3200,0.1996198690881979,2
FRAIWAN_F050_Extended_000,FRAIWAN_F050_Extended,FRAIWAN_F050,0,FRAIWAN,Litt3200,0.1835936226341961,3
FRAIWAN_F050_Extended_001,FRAIWAN_F050_Extended,FRAIWAN_F050,0,FRAIWAN,Litt3200,0.0585608268737488,3
FRAIWAN_F050_Extended_002,FRAIWAN_F050_Extended,FRAIWAN_F050,0,FRAIWAN,Litt3200,0.0894546021688806,3
FRAIWAN_F050_Extended_003,FRAIWAN_F050_Extended,FRAIWAN_F050,0,FRAIWAN,Litt3200,0.0494970532328032,3
FRAIWAN_F050_Extended_004,FRAIWAN_F050_Extended,FRAIWAN_F050,0,FRAIWAN,Litt3200,0.0431233707153706,3
FRAIWAN_F050_Extended_005,FRAIWAN_F050_Extended,FRAIWAN_F050,0,FRAIWAN,Litt3200,0.004117917643959,3
FRAIWAN_F057_Extended_000,FRAIWAN_F057_Extended,FRAIWAN_F057,1,FRAIWAN,Litt3200,0.5891846293344347,3
FRAIWAN_F057_Extended_001,FRAIWAN_F057_Extended,FRAIWAN_F057,1,FRAIWAN,Litt3200,0.1217901665743338,3
FRAIWAN_F057_Extended_002,FRAIWAN_F057_Extended,FRAIWAN_F057,1,FRAIWAN,Litt3200,0.8973359904266346,3
FRAIWAN_F057_Extended_003,FRAIWAN_F057_Extended,FRAIWAN_F057,1,FRAIWAN,Litt3200,0.9424007941334204,3
FRAIWAN_F057_Extended_004,FRAIWAN_F057_Extended,FRAIWAN_F057,1,FRAIWAN,Litt3200,0.5877064971521543,3
FRAIWAN_F082_Extended_000,FRAIWAN_F082_Extended,FRAIWAN_F082,0,FRAIWAN,Litt3200,0.3593641451601019,3
FRAIWAN_F082_Extended_001,FRAIWAN_F082_Extended,FRAIWAN_F082,0,FRAIWAN,Litt3200,0.1502780574675293,3
FRAIWAN_F082_Extended_002,FRAIWAN_F082_Extended,FRAIWAN_F082,0,FRAIWAN,Litt3200,0.0107351626090906,3
FRAIWAN_F082_Extended_003,FRAIWAN_F082_Extended,FRAIWAN_F082,0,FRAIWAN,Litt3200,0.0556176116046015,3
FRAIWAN_F082_Extended_004,FRAIWAN_F082_Extended,FRAIWAN_F082,0,FRAIWAN,Litt3200,0.0139020586250593,3
FRAIWAN_F082_Extended_005,FRAIWAN_F082_Extended,FRAIWAN_F082,0,FRAIWAN,Litt3200,0.2494472434633411,3
FRAIWAN_F087_Extended_000,FRAIWAN_F087_Extended,FRAIWAN_F087,0,FRAIWAN,Litt3200,0.4321832098921163,3
FRAIWAN_F087_Extended_001,FRAIWAN_F087_Extended,FRAIWAN_F087,0,FRAIWAN,Litt3200,0.0477800663635707,3
FRAIWAN_F087_Extended_002,FRAIWAN_F087_Extended,FRAIWAN_F087,0,FRAIWAN,Litt3200,0.014899643269019,3
FRAIWAN_F087_Extended_003,FRAIWAN_F087_Extended,FRAIWAN_F087,0,FRAIWAN,Litt3200,0.0047737223907571,3
FRAIWAN_F087_Extended_004,FRAIWAN_F087_Extended,FRAIWAN_F087,0,FRAIWAN,Litt3200,0.004905405705722,3
FRAIWAN_F094_Extended_000,FRAIWAN_F094_Extended,FRAIWAN_F094,0,FRAIWAN,Litt3200,0.0178487384499889,3
FRAIWAN_F094_Extended_001,FRAIWAN_F094_Extended,FRAIWAN_F094,0,FRAIWAN,Litt3200,0.0003275842978596,3
FRAIWAN_F094_Extended_002,FRAIWAN_F094_Extended,FRAIWAN_F094,0,FRAIWAN,Litt3200,0.0021573418884526,3
FRAIWAN_F094_Extended_003,FRAIWAN_F094_Extended,FRAIWAN_F094,0,FRAIWAN,Litt3200,0.0023231625226312,3
FRAIWAN_F099_Extended_000,FRAIWAN_F099_Extended,FRAIWAN_F099,0,FRAIWAN,Litt3200,0.064417665413494,3
FRAIWAN_F099_Extended_001,FRAIWAN_F099_Extended,FRAIWAN_F099,0,FRAIWAN,Litt3200,9.38764144308078e-05,3
FRAIWAN_F099_Extended_002,FRAIWAN_F099_Extended,FRAIWAN_F099,0,FRAIWAN,Litt3200,0.0001547666160599,3
FRAIWAN_F099_Extended_003,FRAIWAN_F099_Extended,FRAIWAN_F099,0,FRAIWAN,Litt3200,0.0139020586250593,3
FRAIWAN_F099_Extended_004,FRAIWAN_F099_Extended,FRAIWAN_F099,0,FRAIWAN,Litt3200,0.0028118586602633,3
FRAIWAN_F099_Extended_005,FRAIWAN_F099_Extended,FRAIWAN_F099,0,FRAIWAN,Litt3200,0.0059571537637496,3
FRAIWAN_F099_Extended_006,FRAIWAN_F099_Extended,FRAIWAN_F099,0,FRAIWAN,Litt3200,0.0020507435399173,3
FRAIWAN_F099_Extended_007,FRAIWAN_F099_Extended,FRAIWAN_F099,0,FRAIWAN,Litt3200,0.0541987298231855,3
FRAIWAN_F099_Extended_008,FRAIWAN_F099_Extended,FRAIWAN_F099,0,FRAIWAN,Litt3200,0.256459376834781,3
FRAIWAN_F099_Extended_009,FRAIWAN_F099_Extended,FRAIWAN_F099,0,FRAIWAN,Litt3200,0.1996198690881979,3
FRAIWAN_F102_Extended_000,FRAIWAN_F102_Extended,FRAIWAN_F102,0,FRAIWAN,Litt3200,0.0067975315503733,3
FRAIWAN_F102_Extended_001,FRAIWAN_F102_Extended,FRAIWAN_F102,0,FRAIWAN,Litt3200,4.908661889889001e-05,3
FRAIWAN_F102_Extended_002,FRAIWAN_F102_Extended,FRAIWAN_F102,0,FRAIWAN,Litt3200,3.822911232549001e-05,3
FRAIWAN_F102_Extended_003,FRAIWAN_F102_Extended,FRAIWAN_F102,0,FRAIWAN,Litt3200,3.883110986877899e-05,3
FRAIWAN_F102_Extended_004,FRAIWAN_F102_Extended,FRAIWAN_F102,0,FRAIWAN,Litt3200,0.0001673405074737,3
FRAIWAN_F102_Extended_005,FRAIWAN_F102_Extended,FRAIWAN_F102,0,FRAIWAN,Litt3200,0.0217395954276716,3
FRAIWAN_F030_Extended_000,FRAIWAN_F030_Extended,FRAIWAN_F030,0,FRAIWAN,Litt3200,0.0730323871507796,4
FRAIWAN_F030_Extended_001,FRAIWAN_F030_Extended,FRAIWAN_F030,0,FRAIWAN,Litt3200,0.1052105367030863,4
FRAIWAN_F030_Extended_002,FRAIWAN_F030_Extended,FRAIWAN_F030,0,FRAIWAN,Litt3200,0.0750407245384971,4
FRAIWAN_F051_Extended_000,FRAIWAN_F051_Extended,FRAIWAN_F051,0,FRAIWAN,Litt3200,0.1428286491105592,4
FRAIWAN_F051_Extended_001,FRAIWAN_F051_Extended,FRAIWAN_F051,0,FRAIWAN,Litt3200,0.5476455232958314,4
FRAIWAN_F051_Extended_002,FRAIWAN_F051_Extended,FRAIWAN_F051,0,FRAIWAN,Litt3200,0.7444706089910426,4
FRAIWAN_F051_Extended_003,FRAIWAN_F051_Extended,FRAIWAN_F051,0,FRAIWAN,Litt3200,0.1668110882131468,4
FRAIWAN_F051_Extended_004,FRAIWAN_F051_Extended,FRAIWAN_F051,0,FRAIWAN,Litt3200,0.2088235711388737,4
FRAIWAN_F086_Extended_000,FRAIWAN_F086_Extended,FRAIWAN_F086,0,FRAIWAN,Litt3200,0.0304443484326245,4
FRAIWAN_F086_Extended_001,FRAIWAN_F086_Extended,FRAIWAN_F086,0,FRAIWAN,Litt3200,0.0352775469066116,4
FRAIWAN_F086_Extended_002,FRAIWAN_F086_Extended,FRAIWAN_F086,0,FRAIWAN,Litt3200,0.0867867372180431,4
FRAIWAN_F086_Extended_003,FRAIWAN_F086_Extended,FRAIWAN_F086,0,FRAIWAN,Litt3200,0.0930168046688621,4
FRAIWAN_F098_Extended_000,FRAIWAN_F098_Extended,FRAIWAN_F098,0,FRAIWAN,Litt3200,0.2635993976091725,4
FRAIWAN_F098_Extended_001,FRAIWAN_F098_Extended,FRAIWAN_F098,0,FRAIWAN,Litt3200,0.0450155316002323,4
FRAIWAN_F098_Extended_002,FRAIWAN_F098_Extended,FRAIWAN_F098,0,FRAIWAN,Litt3200,0.0338440353404925,4
FRAIWAN_F098_Extended_003,FRAIWAN_F098_Extended,FRAIWAN_F098,0,FRAIWAN,Litt3200,0.0215328771462079,4
FRAIWAN_F098_Extended_004,FRAIWAN_F098_Extended,FRAIWAN_F098,0,FRAIWAN,Litt3200,0.0491307887541007,4
FRAIWAN_F098_Extended_005,FRAIWAN_F098_Extended,FRAIWAN_F098,0,FRAIWAN,Litt3200,0.0508937198618337,4
FRAIWAN_F110_Extended_000,FRAIWAN_F110_Extended,FRAIWAN_F110,1,FRAIWAN,Litt3200,0.6505782713191418,4
FRAIWAN_F110_Extended_001,FRAIWAN_F110_Extended,FRAIWAN_F110,1,FRAIWAN,Litt3200,0.3483125552654899,4
FRAIWAN_F110_Extended_002,FRAIWAN_F110_Extended,FRAIWAN_F110,1,FRAIWAN,Litt3200,0.3191213844321178,4
FRAIWAN_F110_Extended_003,FRAIWAN_F110_Extended,FRAIWAN_F110,1,FRAIWAN,Litt3200,0.8693822533293992,4
FRAIWAN_F112_Extended_000,FRAIWAN_F112_Extended,FRAIWAN_F112,0,FRAIWAN,Litt3200,0.1042947263310427,4
FRAIWAN_F112_Extended_001,FRAIWAN_F112_Extended,FRAIWAN_F112,0,FRAIWAN,Litt3200,0.1205423054422522,4
FRAIWAN_F112_Extended_002,FRAIWAN_F112_Extended,FRAIWAN_F112,0,FRAIWAN,Litt3200,0.0918697814869704,4
FRAIWAN_F112_Extended_003,FRAIWAN_F112_Extended,FRAIWAN_F112,0,FRAIWAN,Litt3200,0.1866874439819975,4
