model,dataset,condition,negative_class,config_index,fold,status,lr,dropout,weight_decay,batch_size,n_patients,accuracy,balanced_accuracy,recall_copd,recall_negative,precision_copd,f1_copd,macro_f1,min_class_recall,auroc,auprc_copd,tn,fp,fn,tp,threshold,best_epoch,epochs_run,stopped_early,seconds,error
cnn,COMBINED,dn,Control,0,0,COMPLETED,0.0001,0.3,1e-05,16,22,0.9090909090909091,0.9083333333333333,0.9166666666666666,0.9,0.9166666666666666,0.9166666666666666,0.9083333333333333,0.9,0.9583333333333333,0.9754901960784316,9,1,1,11,0.5,19,34,True,86.09070626704488,
cnn,COMBINED,dn,Control,0,1,COMPLETED,0.0001,0.3,1e-05,16,22,0.8636363636363636,0.8675213675213675,0.8461538461538461,0.8888888888888888,0.9166666666666666,0.88,0.8610526315789473,0.8461538461538461,0.8632478632478634,0.9364801864801862,8,1,2,11,0.5,6,21,True,45.881934353965335,
cnn,COMBINED,dn,Control,0,2,COMPLETED,0.0001,0.3,1e-05,16,21,0.9047619047619048,0.9045454545454545,0.9090909090909091,0.9,0.9090909090909091,0.9090909090909091,0.9045454545454545,0.9,0.9363636363636364,0.9596499756927566,9,1,1,10,0.5,15,30,True,63.785977010964416,
cnn,COMBINED,dn,Control,0,3,COMPLETED,0.0001,0.3,1e-05,16,21,1.0,1.0,1.0,1.0,1.0,1.0,1.0,1.0,1.0,1.0,10,0,0,11,0.5,11,26,True,73.75776106992271,
cnn,COMBINED,dn,Control,0,4,COMPLETED,0.0001,0.3,1e-05,16,20,1.0,1.0,1.0,1.0,1.0,1.0,1.0,1.0,1.0,1.0,9,0,0,11,0.5,27,42,True,99.16513097903226,
cnn,COMBINED,dn,Control,1,0,COMPLETED,0.0001,0.3,0.001,64,22,1.0,1.0,1.0,1.0,1.0,1.0,1.0,1.0,1.0,1.0,10,0,0,12,0.5,5,20,True,39.78239592304453,
cnn,COMBINED,dn,Control,1,1,COMPLETED,0.0001,0.3,0.001,64,22,0.9090909090909091,0.9230769230769231,0.8461538461538461,1.0,1.0,0.9166666666666666,0.9083333333333333,0.8461538461538461,0.8717948717948718,0.9428904428904425,9,0,2,11,0.5,17,32,True,58.94350625097286,
cnn,COMBINED,dn,Control,1,2,COMPLETED,0.0001,0.3,0.001,64,21,0.9047619047619048,0.9090909090909092,0.8181818181818182,1.0,1.0,0.9,0.9045454545454545,0.8181818181818182,0.9272727272727272,0.9563820018365474,10,0,2,9,0.5,6,21,True,37.597009617020376,
cnn,COMBINED,dn,Control,1,3,COMPLETED,0.0001,0.3,0.001,64,21,1.0,1.0,1.0,1.0,1.0,1.0,1.0,1.0,1.0,1.0,10,0,0,11,0.5,25,40,True,84.98385263700038,
cnn,COMBINED,dn,Control,1,4,COMPLETED,0.0001,0.3,0.001,64,20,1.0,1.0,1.0,1.0,1.0,1.0,1.0,1.0,1.0,1.0,9,0,0,11,0.5,27,42,True,80.24271079001483,
cnn,COMBINED,dn,Control,2,0,COMPLETED,0.0001,0.4,1e-05,32,22,0.9545454545454546,0.9583333333333333,0.9166666666666666,1.0,1.0,0.9565217391304348,0.9544513457556936,0.9166666666666666,0.9583333333333333,0.9754901960784316,10,0,1,11,0.5,19,34,True,70.6963169319788,
cnn,COMBINED,dn,Control,2,1,COMPLETED,0.0001,0.4,1e-05,32,22,0.8636363636363636,0.8846153846153846,0.7692307692307693,1.0,1.0,0.8695652173913043,0.8633540372670807,0.7692307692307693,0.8888888888888888,0.9480715363068302,9,0,3,10,0.5,6,21,True,40.59583991498221,
cnn,COMBINED,dn,Control,2,2,COMPLETED,0.0001,0.4,1e-05,32,21,0.9523809523809523,0.9545454545454546,0.9090909090909091,1.0,1.0,0.9523809523809523,0.9523809523809523,0.9090909090909091,0.9272727272727272,0.9617224880382775,10,0,1,10,0.5,16,31,True,57.53958382003475,
cnn,COMBINED,dn,Control,2,3,COMPLETED,0.0001,0.4,1e-05,32,21,0.9523809523809523,0.9545454545454546,0.9090909090909091,1.0,1.0,0.9523809523809523,0.9523809523809523,0.9090909090909091,1.0,1.0,10,0,1,10,0.5,23,38,True,84.32190432504285,
cnn,COMBINED,dn,Control,2,4,COMPLETED,0.0001,0.4,1e-05,32,20,1.0,1.0,1.0,1.0,1.0,1.0,1.0,1.0,1.0,1.0,9,0,0,11,0.5,17,32,True,65.11956198292319,
cnn,COMBINED,dn,Control,3,0,COMPLETED,0.0001,0.4,0.0001,16,22,0.9545454545454546,0.9583333333333333,0.9166666666666666,1.0,1.0,0.9565217391304348,0.9544513457556936,0.9166666666666666,0.9666666666666667,0.9791666666666669,10,0,1,11,0.5,23,38,True,87.66686820494942,
cnn,COMBINED,dn,Control,3,1,COMPLETED,0.0001,0.4,0.0001,16,22,0.8636363636363636,0.8846153846153846,0.7692307692307693,1.0,1.0,0.8695652173913043,0.8633540372670807,0.7692307692307693,0.888888888888889,0.9493006993006989,9,0,3,10,0.5,3,20,True,43.93757505097892,
cnn,COMBINED,dn,Control,3,2,COMPLETED,0.0001,0.4,0.0001,16,21,0.9523809523809523,0.9545454545454546,0.9090909090909091,1.0,1.0,0.9523809523809523,0.9523809523809523,0.9090909090909091,0.9636363636363636,0.9757575757575758,10,0,1,10,0.5,7,22,True,46.34449741395656,
cnn,COMBINED,dn,Control,3,3,COMPLETED,0.0001,0.4,0.0001,16,21,1.0,1.0,1.0,1.0,1.0,1.0,1.0,1.0,1.0,1.0,10,0,0,11,0.5,27,42,True,118.98981332895346,
cnn,COMBINED,dn,Control,3,4,COMPLETED,0.0001,0.4,0.0001,16,20,1.0,1.0,1.0,1.0,1.0,1.0,1.0,1.0,1.0,1.0,9,0,0,11,0.5,19,34,True,81.63075829995796,
cnn,COMBINED,dn,Control,4,0,COMPLETED,0.0001,0.4,0.0001,32,22,0.9545454545454546,0.9583333333333333,0.9166666666666666,1.0,1.0,0.9565217391304348,0.9544513457556936,0.9166666666666666,0.95,0.9722222222222224,10,0,1,11,0.5,23,38,True,76.98745547502767,
cnn,COMBINED,dn,Control,4,1,COMPLETED,0.0001,0.4,0.0001,32,22,0.8636363636363636,0.8846153846153846,0.7692307692307693,1.0,1.0,0.8695652173913043,0.8633540372670807,0.7692307692307693,0.888888888888889,0.9493006993006989,9,0,3,10,0.5,5,20,True,39.08730368700344,
cnn,COMBINED,dn,Control,4,2,COMPLETED,0.0001,0.4,0.0001,32,21,0.9523809523809523,0.9545454545454546,0.9090909090909091,1.0,1.0,0.9523809523809523,0.9523809523809523,0.9090909090909091,0.9272727272727272,0.9617224880382775,10,0,1,10,0.5,13,28,True,52.443030686932616,
cnn,COMBINED,dn,Control,4,3,COMPLETED,0.0001,0.4,0.0001,32,21,1.0,1.0,1.0,1.0,1.0,1.0,1.0,1.0,1.0,1.0,10,0,0,11,0.5,32,47,True,109.16097574704327,
cnn,COMBINED,dn,Control,4,4,COMPLETED,0.0001,0.4,0.0001,32,20,1.0,1.0,1.0,1.0,1.0,1.0,1.0,1.0,1.0,1.0,9,0,0,11,0.5,20,35,True,68.35587189206854,
cnn,COMBINED,dn,Control,5,0,COMPLETED,0.0001,0.4,0.001,64,22,0.9545454545454546,0.9583333333333333,0.9166666666666666,1.0,1.0,0.9565217391304348,0.9544513457556936,0.9166666666666666,0.9666666666666667,0.9791666666666669,10,0,1,11,0.5,23,38,True,74.75241543794982,
cnn,COMBINED,dn,Control,5,1,COMPLETED,0.0001,0.4,0.001,64,22,0.9090909090909091,0.9230769230769231,0.8461538461538461,1.0,1.0,0.9166666666666666,0.9083333333333333,0.8461538461538461,0.888888888888889,0.9493006993006989,9,0,2,11,0.5,6,21,True,39.100564731052145,
cnn,COMBINED,dn,Control,5,2,COMPLETED,0.0001,0.4,0.001,64,21,0.9047619047619048,0.9090909090909092,0.8181818181818182,1.0,1.0,0.9,0.9045454545454545,0.8181818181818182,0.9272727272727272,0.9617224880382775,10,0,2,9,0.5,12,27,True,48.03245342092123,
cnn,COMBINED,dn,Control,5,3,COMPLETED,0.0001,0.4,0.001,64,21,1.0,1.0,1.0,1.0,1.0,1.0,1.0,1.0,1.0,1.0,10,0,0,11,0.5,24,39,True,81.66914281994104,
cnn,COMBINED,dn,Control,5,4,COMPLETED,0.0001,0.4,0.001,64,20,1.0,1.0,1.0,1.0,1.0,1.0,1.0,1.0,1.0,1.0,9,0,0,11,0.5,21,36,True,66.31773260503542,
cnn,COMBINED,dn,Control,6,0,COMPLETED,0.0001,0.5,0.001,16,22,0.9545454545454546,0.9583333333333333,0.9166666666666666,1.0,1.0,0.9565217391304348,0.9544513457556936,0.9166666666666666,0.9749999999999999,0.9833333333333335,10,0,1,11,0.5,12,27,True,68.41830049594864,
cnn,COMBINED,dn,Control,6,1,COMPLETED,0.0001,0.5,0.001,16,22,0.8636363636363636,0.8675213675213675,0.8461538461538461,0.8888888888888888,0.9166666666666666,0.88,0.8610526315789473,0.8461538461538461,0.8632478632478634,0.9364801864801862,8,1,2,11,0.5,7,22,True,49.062055260990746,
cnn,COMBINED,dn,Control,6,2,COMPLETED,0.0001,0.5,0.001,16,21,0.9047619047619048,0.9090909090909092,0.8181818181818182,1.0,1.0,0.9,0.9045454545454545,0.8181818181818182,0.9272727272727272,0.9563820018365474,10,0,2,9,0.5,19,34,True,71.65039212605916,
cnn,COMBINED,dn,Control,6,3,COMPLETED,0.0001,0.5,0.001,16,21,1.0,1.0,1.0,1.0,1.0,1.0,1.0,1.0,1.0,1.0,10,0,0,11,0.5,9,24,True,64.32001397700515,
cnn,COMBINED,dn,Control,6,4,COMPLETED,0.0001,0.5,0.001,16,20,1.0,1.0,1.0,1.0,1.0,1.0,1.0,1.0,1.0,1.0,9,0,0,11,0.5,7,22,True,59.37902556289919,
cnn,COMBINED,dn,Control,7,0,COMPLETED,0.0001,0.5,0.001,64,22,0.9545454545454546,0.9583333333333333,0.9166666666666666,1.0,1.0,0.9565217391304348,0.9544513457556936,0.9166666666666666,0.9333333333333333,0.9666666666666669,10,0,1,11,0.5,42,57,True,115.80824023997411,
cnn,COMBINED,dn,Control,7,1,COMPLETED,0.0001,0.5,0.001,64,22,0.8636363636363636,0.8675213675213675,0.8461538461538461,0.8888888888888888,0.9166666666666666,0.88,0.8610526315789473,0.8461538461538461,0.905982905982906,0.9575424575424574,8,1,2,11,0.5,8,23,True,42.96636049391236,
cnn,COMBINED,dn,Control,7,2,COMPLETED,0.0001,0.5,0.001,64,21,0.9523809523809523,0.9545454545454546,0.9090909090909091,1.0,1.0,0.9523809523809523,0.9523809523809523,0.9090909090909091,0.9363636363636364,0.9646464646464648,10,0,1,10,0.5,18,33,True,58.82025287102442,
cnn,COMBINED,dn,Control,7,3,COMPLETED,0.0001,0.5,0.001,64,21,1.0,1.0,1.0,1.0,1.0,1.0,1.0,1.0,1.0,1.0,10,0,0,11,0.5,17,32,True,67.20936253806576,
cnn,COMBINED,dn,Control,7,4,COMPLETED,0.0001,0.5,0.001,64,20,1.0,1.0,1.0,1.0,1.0,1.0,1.0,1.0,1.0,1.0,9,0,0,11,0.5,53,68,True,132.0283961230889,
cnn,COMBINED,dn,Control,8,0,COMPLETED,0.0003,0.3,0.0001,64,22,0.9545454545454546,0.95,1.0,0.9,0.9230769230769231,0.96,0.9536842105263157,0.9,1.0,1.0,9,1,0,12,0.5,3,20,True,38.843974857009016,
cnn,COMBINED,dn,Control,8,1,COMPLETED,0.0003,0.3,0.0001,64,22,0.9090909090909091,0.9230769230769231,0.8461538461538461,1.0,1.0,0.9166666666666666,0.9083333333333333,0.8461538461538461,0.9145299145299145,0.9576923076923074,9,0,2,11,0.5,11,26,True,48.55025677103549,
cnn,COMBINED,dn,Control,8,2,COMPLETED,0.0003,0.3,0.0001,64,21,0.9523809523809523,0.9545454545454546,0.9090909090909091,1.0,1.0,0.9523809523809523,0.9523809523809523,0.9090909090909091,0.9272727272727272,0.9617224880382775,10,0,1,10,0.5,26,41,True,72.96622399403714,
cnn,COMBINED,dn,Control,8,3,COMPLETED,0.0003,0.3,0.0001,64,21,1.0,1.0,1.0,1.0,1.0,1.0,1.0,1.0,1.0,1.0,10,0,0,11,0.5,8,23,True,49.47157662000973,
cnn,COMBINED,dn,Control,8,4,COMPLETED,0.0003,0.3,0.0001,64,20,1.0,1.0,1.0,1.0,1.0,1.0,1.0,1.0,1.0,1.0,9,0,0,11,0.5,10,25,True,46.67960219690576,
cnn,COMBINED,dn,Control,9,0,COMPLETED,0.0003,0.4,1e-05,32,22,1.0,1.0,1.0,1.0,1.0,1.0,1.0,1.0,1.0,1.0,10,0,0,12,0.5,17,32,True,64.3016962739639,
cnn,COMBINED,dn,Control,9,1,COMPLETED,0.0003,0.4,1e-05,32,22,0.8636363636363636,0.8675213675213675,0.8461538461538461,0.8888888888888888,0.9166666666666666,0.88,0.8610526315789473,0.8461538461538461,0.8717948717948717,0.9293569175922114,8,1,2,11,0.5,10,25,True,49.105186010943726,
cnn,COMBINED,dn,Control,9,2,COMPLETED,0.0003,0.4,1e-05,32,21,0.9523809523809523,0.9545454545454546,0.9090909090909091,1.0,1.0,0.9523809523809523,0.9523809523809523,0.9090909090909091,0.9545454545454546,0.9715909090909092,10,0,1,10,0.5,37,52,True,101.51942058105487,
cnn,COMBINED,dn,Control,9,3,COMPLETED,0.0003,0.4,1e-05,32,21,1.0,1.0,1.0,1.0,1.0,1.0,1.0,1.0,1.0,1.0,10,0,0,11,0.5,15,30,True,68.04884169495199,
cnn,COMBINED,dn,Control,9,4,COMPLETED,0.0003,0.4,1e-05,32,20,1.0,1.0,1.0,1.0,1.0,1.0,1.0,1.0,1.0,1.0,9,0,0,11,0.5,7,22,True,45.00856637500692,
cnn,COMBINED,dn,Control,10,0,COMPLETED,0.0003,0.4,0.0001,16,22,1.0,1.0,1.0,1.0,1.0,1.0,1.0,1.0,1.0,1.0,10,0,0,12,0.5,9,24,True,56.00789175904356,
cnn,COMBINED,dn,Control,10,1,COMPLETED,0.0003,0.4,0.0001,16,22,0.9090909090909091,0.9230769230769231,0.8461538461538461,1.0,1.0,0.9166666666666666,0.9083333333333333,0.8461538461538461,0.905982905982906,0.9575424575424574,9,0,2,11,0.5,7,22,True,48.804850065964274,
cnn,COMBINED,dn,Control,10,2,COMPLETED,0.0003,0.4,0.0001,16,21,0.9047619047619048,0.9045454545454545,0.9090909090909091,0.9,0.9090909090909091,0.9090909090909091,0.9045454545454545,0.9,0.9090909090909091,0.9371900826446282,9,1,1,10,0.5,22,37,True,90.64549664896913,
cnn,COMBINED,dn,Control,10,3,COMPLETED,0.0003,0.4,0.0001,16,21,1.0,1.0,1.0,1.0,1.0,1.0,1.0,1.0,1.0,1.0,10,0,0,11,0.5,29,44,True,114.47553835110739,
cnn,COMBINED,dn,Control,10,4,COMPLETED,0.0003,0.4,0.0001,16,20,0.95,0.9444444444444444,1.0,0.8888888888888888,0.9166666666666666,0.9565217391304348,0.948849104859335,0.8888888888888888,0.9494949494949494,0.9536042240587697,8,1,0,11,0.5,18,33,True,85.51705431705341,
cnn,COMBINED,dn,Control,11,0,COMPLETED,0.0003,0.5,1e-05,64,22,0.9545454545454546,0.9583333333333333,0.9166666666666666,1.0,1.0,0.9565217391304348,0.9544513457556936,0.9166666666666666,0.9666666666666667,0.9791666666666669,10,0,1,11,0.5,19,34,True,63.588044870994054,
cnn,COMBINED,dn,Control,11,1,COMPLETED,0.0003,0.5,1e-05,64,22,0.9090909090909091,0.9230769230769231,0.8461538461538461,1.0,1.0,0.9166666666666666,0.9083333333333333,0.8461538461538461,0.9145299145299145,0.9626143087681547,9,0,2,11,0.5,4,20,True,37.44944237789605,
cnn,COMBINED,dn,Control,11,2,COMPLETED,0.0003,0.5,1e-05,64,21,0.9047619047619048,0.9090909090909092,0.8181818181818182,1.0,1.0,0.9,0.9045454545454545,0.8181818181818182,0.9545454545454546,0.9715909090909092,10,0,2,9,0.5,11,26,True,49.28592208994087,
cnn,COMBINED,dn,Control,11,3,COMPLETED,0.0003,0.5,1e-05,64,21,1.0,1.0,1.0,1.0,1.0,1.0,1.0,1.0,1.0,1.0,10,0,0,11,0.5,29,44,True,90.56297736091074,
cnn,COMBINED,dn,Control,11,4,COMPLETED,0.0003,0.5,1e-05,64,20,1.0,1.0,1.0,1.0,1.0,1.0,1.0,1.0,1.0,1.0,9,0,0,11,0.5,11,26,True,48.944733957061544,
cnn,COMBINED,dn,Control,12,0,COMPLETED,0.0003,0.5,0.0001,32,22,1.0,1.0,1.0,1.0,1.0,1.0,1.0,1.0,1.0,1.0,10,0,0,12,0.5,28,43,True,82.54271506809164,
cnn,COMBINED,dn,Control,12,1,COMPLETED,0.0003,0.5,0.0001,32,22,0.8636363636363636,0.8675213675213675,0.8461538461538461,0.8888888888888888,0.9166666666666666,0.88,0.8610526315789473,0.8461538461538461,0.8632478632478632,0.9325037707390647,8,1,2,11,0.5,4,20,True,39.45676327007823,
cnn,COMBINED,dn,Control,12,2,COMPLETED,0.0003,0.5,0.0001,32,21,0.9523809523809523,0.9545454545454546,0.9090909090909091,1.0,1.0,0.9523809523809523,0.9523809523809523,0.9090909090909091,0.9363636363636364,0.9646464646464648,10,0,1,10,0.5,11,26,True,52.28316460293718,
cnn,COMBINED,dn,Control,12,3,COMPLETED,0.0003,0.5,0.0001,32,21,1.0,1.0,1.0,1.0,1.0,1.0,1.0,1.0,1.0,1.0,10,0,0,11,0.5,17,32,True,72.60601095901802,
cnn,COMBINED,dn,Control,12,4,COMPLETED,0.0003,0.5,0.0001,32,20,0.95,0.9545454545454546,0.9090909090909091,1.0,1.0,0.9523809523809523,0.949874686716792,0.9090909090909091,1.0,1.0,9,0,1,10,0.5,6,21,True,45.33549996896181,
cnn,COMBINED,dn,Control,13,0,COMPLETED,0.001,0.2,0.0001,16,22,1.0,1.0,1.0,1.0,1.0,1.0,1.0,1.0,1.0,1.0,10,0,0,12,0.5,18,33,True,72.04946796002332,
cnn,COMBINED,dn,Control,13,1,COMPLETED,0.001,0.2,0.0001,16,22,0.8181818181818182,0.811965811965812,0.8461538461538461,0.7777777777777778,0.8461538461538461,0.8461538461538461,0.811965811965812,0.7777777777777778,0.8974358974358974,0.9426047808400746,7,2,2,11,0.5,9,24,True,53.23355345497839,
cnn,COMBINED,dn,Control,13,2,COMPLETED,0.001,0.2,0.0001,16,21,0.9047619047619048,0.9045454545454545,0.9090909090909091,0.9,0.9090909090909091,0.9090909090909091,0.9045454545454545,0.9,0.8454545454545455,0.8512232716778172,9,1,1,10,0.5,22,37,True,88.75416884501465,
cnn,COMBINED,dn,Control,13,3,COMPLETED,0.001,0.2,0.0001,16,21,1.0,1.0,1.0,1.0,1.0,1.0,1.0,1.0,1.0,1.0,10,0,0,11,0.5,23,38,True,105.08371435501613,
cnn,COMBINED,dn,Control,13,4,COMPLETED,0.001,0.2,0.0001,16,20,0.95,0.9444444444444444,1.0,0.8888888888888888,0.9166666666666666,0.9565217391304348,0.948849104859335,0.8888888888888888,1.0,1.0,8,1,0,11,0.5,6,21,True,52.67732613009866,
cnn,COMBINED,dn,Control,14,0,COMPLETED,0.001,0.3,1e-05,64,22,1.0,1.0,1.0,1.0,1.0,1.0,1.0,1.0,1.0,1.0,10,0,0,12,0.5,11,26,True,47.95403813791927,
cnn,COMBINED,dn,Control,14,1,COMPLETED,0.001,0.3,1e-05,64,22,0.8636363636363636,0.8846153846153846,0.7692307692307693,1.0,1.0,0.8695652173913043,0.8633540372670807,0.7692307692307693,0.8547008547008548,0.9310561233638155,9,0,3,10,0.5,18,33,True,61.35220739489887,
cnn,COMBINED,dn,Control,14,2,COMPLETED,0.001,0.3,1e-05,64,21,0.9047619047619048,0.9045454545454545,0.9090909090909091,0.9,0.9090909090909091,0.9090909090909091,0.9045454545454545,0.9,0.8818181818181818,0.8976879181424637,9,1,1,10,0.5,15,30,True,56.77521398104727,
cnn,COMBINED,dn,Control,14,3,COMPLETED,0.001,0.3,1e-05,64,21,1.0,1.0,1.0,1.0,1.0,1.0,1.0,1.0,1.0,1.0,10,0,0,11,0.5,34,49,True,104.4033707199851,
cnn,COMBINED,dn,Control,14,4,COMPLETED,0.001,0.3,1e-05,64,20,0.95,0.9444444444444444,1.0,0.8888888888888888,0.9166666666666666,0.9565217391304348,0.948849104859335,0.8888888888888888,0.9292929292929293,0.9254656959202414,8,1,0,11,0.5,24,39,True,75.41958788409829,
cnn,COMBINED,dn,Control,15,0,COMPLETED,0.001,0.3,0.0001,32,22,1.0,1.0,1.0,1.0,1.0,1.0,1.0,1.0,1.0,1.0,10,0,0,12,0.5,11,26,True,50.085245996015146,
cnn,COMBINED,dn,Control,15,1,COMPLETED,0.001,0.3,0.0001,32,22,0.9090909090909091,0.9230769230769231,0.8461538461538461,1.0,1.0,0.9166666666666666,0.9083333333333333,0.8461538461538461,0.9145299145299146,0.9597069597069594,9,0,2,11,0.5,7,22,True,43.188327084993944,
cnn,COMBINED,dn,Control,15,2,COMPLETED,0.001,0.3,0.0001,32,21,0.9523809523809523,0.9545454545454546,0.9090909090909091,1.0,1.0,0.9523809523809523,0.9523809523809523,0.9090909090909091,0.9818181818181819,0.986013986013986,10,0,1,10,0.5,2,20,True,42.133597671054304,
cnn,COMBINED,dn,Control,15,3,COMPLETED,0.001,0.3,0.0001,32,21,0.9523809523809523,0.9545454545454546,0.9090909090909091,1.0,1.0,0.9523809523809523,0.9523809523809523,0.9090909090909091,0.9545454545454546,0.9715909090909092,10,0,1,10,0.5,21,36,True,83.73863770102616,
cnn,COMBINED,dn,Control,15,4,COMPLETED,0.001,0.3,0.0001,32,20,0.95,0.9545454545454546,0.9090909090909091,1.0,1.0,0.9523809523809523,0.949874686716792,0.9090909090909091,1.0,1.0,9,0,1,10,0.5,4,20,True,41.214553712983616,
cnn,COMBINED,dn,Control,16,0,COMPLETED,0.001,0.4,0.001,16,22,1.0,1.0,1.0,1.0,1.0,1.0,1.0,1.0,1.0,1.0,10,0,0,12,0.5,8,23,True,50.30031467205845,
cnn,COMBINED,dn,Control,16,1,COMPLETED,0.001,0.4,0.001,16,22,0.8636363636363636,0.8846153846153846,0.7692307692307693,1.0,1.0,0.8695652173913043,0.8633540372670807,0.7692307692307693,0.905982905982906,0.9575424575424574,9,0,3,10,0.5,5,20,True,44.220297968015075,
cnn,COMBINED,dn,Control,16,2,COMPLETED,0.001,0.4,0.001,16,21,0.9523809523809523,0.9545454545454546,0.9090909090909091,1.0,1.0,0.9523809523809523,0.9523809523809523,0.9090909090909091,0.9818181818181819,0.986013986013986,10,0,1,10,0.5,9,24,True,59.64918179507367,
cnn,COMBINED,dn,Control,16,3,COMPLETED,0.001,0.4,0.001,16,21,1.0,1.0,1.0,1.0,1.0,1.0,1.0,1.0,1.0,1.0,10,0,0,11,0.5,30,45,True,120.94605434406549,
cnn,COMBINED,dn,Control,16,4,COMPLETED,0.001,0.4,0.001,16,20,0.95,0.9444444444444444,1.0,0.8888888888888888,0.9166666666666666,0.9565217391304348,0.948849104859335,0.8888888888888888,0.9797979797979798,0.9841597796143251,8,1,0,11,0.5,29,44,True,111.26380930608138,
cnn,COMBINED,dn,Control,17,0,COMPLETED,0.001,0.5,1e-05,32,22,1.0,1.0,1.0,1.0,1.0,1.0,1.0,1.0,1.0,1.0,10,0,0,12,0.5,8,23,True,44.34011874499265,
cnn,COMBINED,dn,Control,17,1,COMPLETED,0.001,0.5,1e-05,32,22,0.8636363636363636,0.8846153846153846,0.7692307692307693,1.0,1.0,0.8695652173913043,0.8633540372670807,0.7692307692307693,0.9059829059829061,0.947567389875082,9,0,3,10,0.5,2,20,True,39.357016952941194,
cnn,COMBINED,dn,Control,17,2,COMPLETED,0.001,0.5,1e-05,32,21,0.9047619047619048,0.9045454545454545,0.9090909090909091,0.9,0.9090909090909091,0.9090909090909091,0.9045454545454545,0.9,0.8818181818181818,0.8637232716778172,9,1,1,10,0.5,11,26,True,52.60997645696625,
cnn,COMBINED,dn,Control,17,3,COMPLETED,0.001,0.5,1e-05,32,21,0.9523809523809523,0.95,1.0,0.9,0.9166666666666666,0.9565217391304348,0.9519450800915332,0.9,0.9818181818181818,0.9841597796143251,9,1,0,11,0.5,10,25,True,56.45905129308812,
cnn,COMBINED,dn,Control,17,4,COMPLETED,0.001,0.5,1e-05,32,20,0.95,0.9444444444444444,1.0,0.8888888888888888,0.9166666666666666,0.9565217391304348,0.948849104859335,0.8888888888888888,1.0,1.0,8,1,0,11,0.5,29,44,True,88.60188664903399,
cnn,COMBINED,dn,Control,18,0,COMPLETED,0.001,0.5,1e-05,64,22,1.0,1.0,1.0,1.0,1.0,1.0,1.0,1.0,1.0,1.0,10,0,0,12,0.5,3,20,True,37.02128793892916,
cnn,COMBINED,dn,Control,18,1,COMPLETED,0.001,0.5,1e-05,64,22,0.9090909090909091,0.9230769230769231,0.8461538461538461,1.0,1.0,0.9166666666666666,0.9083333333333333,0.8461538461538461,0.8803418803418803,0.9450549450549448,9,0,2,11,0.5,10,25,True,46.65746679692529,
cnn,COMBINED,dn,Control,18,2,COMPLETED,0.001,0.5,1e-05,64,21,0.9047619047619048,0.9045454545454545,0.9090909090909091,0.9,0.9090909090909091,0.9090909090909091,0.9045454545454545,0.9,0.9636363636363636,0.9757575757575758,9,1,1,10,0.5,3,20,True,38.88368819199968,
cnn,COMBINED,dn,Control,18,3,COMPLETED,0.001,0.5,1e-05,64,21,0.9523809523809523,0.9545454545454546,0.9090909090909091,1.0,1.0,0.9523809523809523,0.9523809523809523,0.9090909090909091,0.990909090909091,0.9924242424242424,10,0,1,10,0.5,24,39,True,82.35987288609613,
cnn,COMBINED,dn,Control,18,4,COMPLETED,0.001,0.5,1e-05,64,20,1.0,1.0,1.0,1.0,1.0,1.0,1.0,1.0,1.0,1.0,9,0,0,11,0.5,28,43,True,81.44421546801459,
cnn,COMBINED,dn,Control,19,0,COMPLETED,0.001,0.5,0.0001,64,22,0.9545454545454546,0.95,1.0,0.9,0.9230769230769231,0.96,0.9536842105263157,0.9,1.0,1.0,9,1,0,12,0.5,12,27,True,49.9442183120409,
cnn,COMBINED,dn,Control,19,1,COMPLETED,0.001,0.5,0.0001,64,22,0.9090909090909091,0.9230769230769231,0.8461538461538461,1.0,1.0,0.9166666666666666,0.9083333333333333,0.8461538461538461,0.9316239316239316,0.9626696832579182,9,0,2,11,0.5,7,22,True,40.75875586597249,
cnn,COMBINED,dn,Control,19,2,COMPLETED,0.001,0.5,0.0001,64,21,0.9047619047619048,0.9045454545454545,0.9090909090909091,0.9,0.9090909090909091,0.9090909090909091,0.9045454545454545,0.9,0.9545454545454546,0.9715909090909092,9,1,1,10,0.5,7,22,True,41.90083107899409,
cnn,COMBINED,dn,Control,19,3,COMPLETED,0.001,0.5,0.0001,64,21,0.9523809523809523,0.9545454545454546,0.9090909090909091,1.0,1.0,0.9523809523809523,0.9523809523809523,0.9090909090909091,0.9545454545454546,0.9715909090909092,10,0,1,10,0.5,10,25,True,52.66333951300476,
cnn,COMBINED,dn,Control,19,4,COMPLETED,0.001,0.5,0.0001,64,20,0.95,0.9545454545454546,0.9090909090909091,1.0,1.0,0.9523809523809523,0.949874686716792,0.9090909090909091,1.0,1.0,9,0,1,10,0.5,8,23,True,43.32303586101625,
