audio_id,target_label,score,patient_uid,fold,source_dataset,device
ICBHI_102_1b1_AR,0,0.9518935157419784,ICBHI_102,4,ICBHI,Meditron
ICBHI_104_1b1_AL,1,0.9918603409165486,ICBHI_104,0,ICBHI,Litt3200
ICBHI_104_1b1_AR,1,0.994981398502629,ICBHI_104,0,ICBHI,Litt3200
ICBHI_104_1b1_LL,1,0.8557975006694978,ICBHI_104,0,ICBHI,Litt3200
ICBHI_104_1b1_LR,1,0.7024841999135731,ICBHI_104,0,ICBHI,Litt3200
ICBHI_104_1b1_PL,1,0.9563735394363536,ICBHI_104,0,ICBHI,Litt3200
ICBHI_104_1b1_PR,1,0.8507332188863499,ICBHI_104,0,ICBHI,Litt3200
ICBHI_106_2b1_PL,1,0.9885909050064493,ICBHI_106,0,ICBHI,LittC2SE
ICBHI_106_2b1_PR,1,0.70589381396882,ICBHI_106,0,ICBHI,LittC2SE
ICBHI_109_1b1_AL,1,0.9939225941192131,ICBHI_109,1,ICBHI,Litt3200
ICBHI_109_1b1_AR,1,0.820874530634323,ICBHI_109,1,ICBHI,Litt3200
ICBHI_109_1b1_LL,1,0.9716413542599434,ICBHI_109,1,ICBHI,Litt3200
ICBHI_109_1b1_LR,1,0.8662896643472704,ICBHI_109,1,ICBHI,Litt3200
ICBHI_109_1b1_PL,1,0.3990987230245669,ICBHI_109,1,ICBHI,Litt3200
ICBHI_109_1b1_PR,1,0.8480954056565605,ICBHI_109,1,ICBHI,Litt3200
ICBHI_110_1b1_PR,1,0.009023303435183563,ICBHI_110,1,ICBHI,Meditron
ICBHI_110_1p1_AL,1,0.0032240244763867094,ICBHI_110,1,ICBHI,Meditron
ICBHI_110_1p1_LL,1,0.0007652580400069181,ICBHI_110,1,ICBHI,Meditron
ICBHI_110_1p1_LR,1,0.000320962055750584,ICBHI_110,1,ICBHI,Meditron
ICBHI_110_1p1_PR,1,0.01133846147634471,ICBHI_110,1,ICBHI,Meditron
ICBHI_113_1b1_AL,1,0.9966715518279538,ICBHI_113,2,ICBHI,Litt3200
ICBHI_113_1b1_AR,1,0.9916699548850494,ICBHI_113,2,ICBHI,Litt3200
ICBHI_113_1b1_LL,1,0.9991851795980888,ICBHI_113,2,ICBHI,Litt3200
ICBHI_113_1b1_LR,1,0.9982554610170844,ICBHI_113,2,ICBHI,Litt3200
ICBHI_113_1b1_PL,1,0.996471265487673,ICBHI_113,2,ICBHI,Litt3200
ICBHI_113_1b1_PR,1,0.9949942425434303,ICBHI_113,2,ICBHI,Litt3200
ICBHI_114_1b4_AL,1,0.24663384574734598,ICBHI_114,4,ICBHI,AKGC417L
ICBHI_114_1b4_AR,1,0.5508248772375401,ICBHI_114,4,ICBHI,AKGC417L
ICBHI_114_1b4_LR,1,0.03071548008506401,ICBHI_114,4,ICBHI,AKGC417L
ICBHI_114_1b4_PL,1,0.09309290108672807,ICBHI_114,4,ICBHI,AKGC417L
ICBHI_114_1b4_PR,1,0.0023553284527873908,ICBHI_114,4,ICBHI,AKGC417L
ICBHI_117_1b2_TC,1,0.4817553397729664,ICBHI_117,1,ICBHI,LittC2SE
ICBHI_117_1b3_TC,1,0.633656181797201,ICBHI_117,1,ICBHI,LittC2SE
ICBHI_118_1b1_AL,1,0.6856207197329923,ICBHI_118,3,ICBHI,Litt3200
ICBHI_118_1b1_AR,1,0.669514518366355,ICBHI_118,3,ICBHI,Litt3200
ICBHI_118_1b1_LL,1,0.7348686234727394,ICBHI_118,3,ICBHI,Litt3200
ICBHI_118_1b1_LR,1,0.7127791783789552,ICBHI_118,3,ICBHI,Litt3200
ICBHI_118_1b1_PL,1,0.6904438231741911,ICBHI_118,3,ICBHI,Litt3200
ICBHI_118_1b1_PR,1,0.7401864542481031,ICBHI_118,3,ICBHI,Litt3200
ICBHI_120_1b1_AL,0,0.01369663455197311,ICBHI_120,0,ICBHI,Meditron
ICBHI_120_1b1_AR,0,0.2935832233355223,ICBHI_120,0,ICBHI,Meditron
ICBHI_120_1b1_LR,0,0.0810132316301389,ICBHI_120,0,ICBHI,Meditron
ICBHI_120_1b1_PL,0,0.03730784731418999,ICBHI_120,0,ICBHI,Meditron
ICBHI_120_1b1_PR,0,0.01949236453375483,ICBHI_120,0,ICBHI,Meditron
ICBHI_123_1b1_AL,1,0.8181644354246823,ICBHI_123,3,ICBHI,Meditron
ICBHI_124_1b1_AL,1,0.8487168986856817,ICBHI_124,1,ICBHI,Litt3200
ICBHI_124_1b1_AR,1,0.6649566539472792,ICBHI_124,1,ICBHI,Litt3200
ICBHI_124_1b1_LL,1,0.7329817986469207,ICBHI_124,1,ICBHI,Litt3200
ICBHI_124_1b1_LR,1,0.6968312820431638,ICBHI_124,1,ICBHI,Litt3200
ICBHI_124_1b1_PL,1,0.2760631511148115,ICBHI_124,1,ICBHI,Litt3200
ICBHI_124_1b1_PR,1,0.5094750814448722,ICBHI_124,1,ICBHI,Litt3200
ICBHI_125_1b1_TC,0,0.7793795894949179,ICBHI_125,1,ICBHI,Meditron
ICBHI_126_1b1_AL,1,0.4542114739028844,ICBHI_126,0,ICBHI,Meditron
ICBHI_127_1b1_AR,1,0.9644615443620171,ICBHI_127,0,ICBHI,Meditron
ICBHI_130_1p2_AL,0,0.056322492809874634,ICBHI_130,4,ICBHI,AKGC417L
ICBHI_130_1p2_AR,0,0.03999352581419346,ICBHI_130,4,ICBHI,AKGC417L
ICBHI_130_1p2_LL,0,0.5113287730913735,ICBHI_130,4,ICBHI,AKGC417L
ICBHI_130_1p2_LR,0,0.08113316984382281,ICBHI_130,4,ICBHI,AKGC417L
ICBHI_130_1p2_PL,0,0.04143712927847232,ICBHI_130,4,ICBHI,AKGC417L
ICBHI_130_1p2_PR,0,0.11688419726404366,ICBHI_130,4,ICBHI,AKGC417L
ICBHI_130_1p2_TC,0,0.4288468977701326,ICBHI_130,4,ICBHI,AKGC417L
ICBHI_130_1p3_AL,0,0.018482642681678683,ICBHI_130,4,ICBHI,AKGC417L
ICBHI_130_1p3_AR,0,0.01079072945686843,ICBHI_130,4,ICBHI,AKGC417L
ICBHI_130_1p3_LL,0,0.7533312229219887,ICBHI_130,4,ICBHI,AKGC417L
ICBHI_130_1p3_LR,0,0.7493645936795712,ICBHI_130,4,ICBHI,AKGC417L
ICBHI_130_1p3_PL,0,0.43146087718197773,ICBHI_130,4,ICBHI,AKGC417L
ICBHI_130_1p3_PR,0,0.1938602673040548,ICBHI_130,4,ICBHI,AKGC417L
ICBHI_130_1p3_TC,0,0.14573803739726146,ICBHI_130,4,ICBHI,AKGC417L
ICBHI_130_1p4_AL,0,0.009158711685971358,ICBHI_130,4,ICBHI,AKGC417L
ICBHI_130_1p4_AR,0,0.007625296426579285,ICBHI_130,4,ICBHI,AKGC417L
ICBHI_130_1p4_LL,0,0.02435253261137117,ICBHI_130,4,ICBHI,AKGC417L
ICBHI_130_1p4_LR,0,0.031407718695105856,ICBHI_130,4,ICBHI,AKGC417L
ICBHI_130_1p4_PL,0,0.005590306246871586,ICBHI_130,4,ICBHI,AKGC417L
ICBHI_130_1p4_PR,0,0.16458001898445543,ICBHI_130,4,ICBHI,AKGC417L
ICBHI_130_1p4_TC,0,0.09879900441263123,ICBHI_130,4,ICBHI,AKGC417L
ICBHI_130_2b2_AL,0,0.217379781048704,ICBHI_130,4,ICBHI,AKGC417L
ICBHI_130_2b2_AR,0,0.18896788524558475,ICBHI_130,4,ICBHI,AKGC417L
ICBHI_130_2b2_LL,0,0.40124568785119147,ICBHI_130,4,ICBHI,AKGC417L
ICBHI_130_2b2_LR,0,0.6097472214805855,ICBHI_130,4,ICBHI,AKGC417L
ICBHI_130_2b2_PL,0,0.2767767949159711,ICBHI_130,4,ICBHI,AKGC417L
ICBHI_130_2b2_PR,0,0.15512748569747117,ICBHI_130,4,ICBHI,AKGC417L
ICBHI_130_2b2_TC,0,0.027251052468834556,ICBHI_130,4,ICBHI,AKGC417L
ICBHI_130_2b3_AL,0,0.011037542937156886,ICBHI_130,4,ICBHI,AKGC417L
ICBHI_130_2b3_AR,0,0.039599857173362465,ICBHI_130,4,ICBHI,AKGC417L
ICBHI_130_2b3_LL,0,0.6664772276709765,ICBHI_130,4,ICBHI,AKGC417L
ICBHI_130_2b3_LR,0,0.4340485175890908,ICBHI_130,4,ICBHI,AKGC417L
ICBHI_130_2b3_PL,0,0.14238666863293076,ICBHI_130,4,ICBHI,AKGC417L
ICBHI_130_2b3_PR,0,0.04705616799689233,ICBHI_130,4,ICBHI,AKGC417L
ICBHI_130_2b3_TC,0,0.03515434807622465,ICBHI_130,4,ICBHI,AKGC417L
ICBHI_130_2b4_AL,0,0.05884378019874143,ICBHI_130,4,ICBHI,AKGC417L
ICBHI_130_2b4_AR,0,0.03953508887460203,ICBHI_130,4,ICBHI,AKGC417L
ICBHI_130_2b4_LL,0,0.4183803232713645,ICBHI_130,4,ICBHI,AKGC417L
ICBHI_130_2b4_LR,0,0.7592485310994805,ICBHI_130,4,ICBHI,AKGC417L
ICBHI_130_2b4_PL,0,0.12556175759427668,ICBHI_130,4,ICBHI,AKGC417L
ICBHI_130_2p3_PL,0,0.1829409909268696,ICBHI_130,4,ICBHI,AKGC417L
ICBHI_130_2p5_AL,0,0.05394447693627578,ICBHI_130,4,ICBHI,AKGC417L
ICBHI_130_2p5_AR,0,0.3315805122238701,ICBHI_130,4,ICBHI,AKGC417L
ICBHI_130_2p5_LR,0,0.14203698776785584,ICBHI_130,4,ICBHI,AKGC417L
ICBHI_130_2p5_PL,0,0.3547887163492322,ICBHI_130,4,ICBHI,AKGC417L
ICBHI_130_2p5_PR,0,0.9590730411378764,ICBHI_130,4,ICBHI,AKGC417L
ICBHI_130_2p5_TC,0,0.9766477314843092,ICBHI_130,4,ICBHI,AKGC417L
ICBHI_130_3b3_LL,0,0.0074321756704971145,ICBHI_130,4,ICBHI,AKGC417L
ICBHI_130_3b4_AL,0,0.6216723795679575,ICBHI_130,4,ICBHI,AKGC417L
ICBHI_130_3b4_AR,0,0.7722871734897527,ICBHI_130,4,ICBHI,AKGC417L
ICBHI_130_3b4_LR,0,0.8930801553733129,ICBHI_130,4,ICBHI,AKGC417L
ICBHI_130_3b4_PL,0,0.011685966002910358,ICBHI_130,4,ICBHI,AKGC417L
ICBHI_130_3b4_PR,0,0.017043846004714428,ICBHI_130,4,ICBHI,AKGC417L
ICBHI_130_3p2_AL,0,0.970067290038984,ICBHI_130,4,ICBHI,AKGC417L
ICBHI_130_3p2_AR,0,0.3239555856687871,ICBHI_130,4,ICBHI,AKGC417L
ICBHI_130_3p2_PL,0,0.329282045159808,ICBHI_130,4,ICBHI,AKGC417L
ICBHI_130_3p2_PR,0,0.9973658849545092,ICBHI_130,4,ICBHI,AKGC417L
ICBHI_130_3p2_TC,0,0.9676856176806886,ICBHI_130,4,ICBHI,AKGC417L
ICBHI_130_3p3_AL,0,0.9549022528317777,ICBHI_130,4,ICBHI,AKGC417L
ICBHI_130_3p3_PL,0,0.465348860476364,ICBHI_130,4,ICBHI,AKGC417L
ICBHI_130_3p3_PR,0,0.9505852003439801,ICBHI_130,4,ICBHI,AKGC417L
ICBHI_130_3p3_TC,0,0.9190134379917815,ICBHI_130,4,ICBHI,AKGC417L
ICBHI_130_3p4_AL,0,0.9642707286915323,ICBHI_130,4,ICBHI,AKGC417L
ICBHI_130_3p4_PL,0,0.5352551507251314,ICBHI_130,4,ICBHI,AKGC417L
ICBHI_130_3p4_PR,0,0.9706145306334371,ICBHI_130,4,ICBHI,AKGC417L
ICBHI_130_3p4_TC,0,0.9712806680408939,ICBHI_130,4,ICBHI,AKGC417L
ICBHI_132_2b1_LR,1,0.5427747599683821,ICBHI_132,4,ICBHI,LittC2SE
ICBHI_132_2b2_LR,1,0.24857824378542118,ICBHI_132,4,ICBHI,LittC2SE
ICBHI_133_2p2_AL,1,0.5640302344249212,ICBHI_133,3,ICBHI,AKGC417L
ICBHI_133_2p2_AR,1,0.5405455815028074,ICBHI_133,3,ICBHI,AKGC417L
ICBHI_133_2p2_PL,1,0.5476641194871043,ICBHI_133,3,ICBHI,AKGC417L
ICBHI_133_2p2_TC,1,0.3601581563513348,ICBHI_133,3,ICBHI,AKGC417L
ICBHI_133_2p3_AL,1,0.5553880028253034,ICBHI_133,3,ICBHI,AKGC417L
ICBHI_133_2p3_AR,1,0.5405864963846427,ICBHI_133,3,ICBHI,AKGC417L
ICBHI_133_2p3_PL,1,0.5345649092196844,ICBHI_133,3,ICBHI,AKGC417L
ICBHI_133_2p3_PR,1,0.6277197168130755,ICBHI_133,3,ICBHI,AKGC417L
ICBHI_133_2p3_TC,1,0.3391692480452961,ICBHI_133,3,ICBHI,AKGC417L
ICBHI_133_2p4_AL,1,0.5270127547943468,ICBHI_133,3,ICBHI,AKGC417L
ICBHI_133_2p4_AR,1,0.5204590074507178,ICBHI_133,3,ICBHI,AKGC417L
ICBHI_133_2p4_PL,1,0.5616068072676945,ICBHI_133,3,ICBHI,AKGC417L
ICBHI_133_2p4_PR,1,0.6565004595196056,ICBHI_133,3,ICBHI,AKGC417L
ICBHI_133_2p4_TC,1,0.3813003151226107,ICBHI_133,3,ICBHI,AKGC417L
ICBHI_133_3p2_AL,1,0.4525795704659918,ICBHI_133,3,ICBHI,AKGC417L
ICBHI_133_3p2_AR,1,0.3928339985506824,ICBHI_133,3,ICBHI,AKGC417L
ICBHI_133_3p2_PL,1,0.49323200605993056,ICBHI_133,3,ICBHI,AKGC417L
ICBHI_133_3p2_PR,1,0.5940043429265573,ICBHI_133,3,ICBHI,AKGC417L
ICBHI_133_3p4_TC,1,0.35534485852652864,ICBHI_133,3,ICBHI,AKGC417L
ICBHI_134_2b1_AL,0,0.8582307155239487,ICBHI_134,0,ICBHI,LittC2SE
ICBHI_134_2b1_AR,0,0.9550434794812522,ICBHI_134,0,ICBHI,LittC2SE
ICBHI_134_2b2_AL,0,0.8510144932750808,ICBHI_134,0,ICBHI,LittC2SE
ICBHI_134_2b2_AR,0,0.9685035012943695,ICBHI_134,0,ICBHI,LittC2SE
ICBHI_134_2b3_AR,0,0.8820524425560807,ICBHI_134,0,ICBHI,LittC2SE
ICBHI_136_1b1_AR,1,0.9835805371290249,ICBHI_136,2,ICBHI,Meditron
ICBHI_138_1p2_AL,1,0.7203838445388483,ICBHI_138,1,ICBHI,AKGC417L
ICBHI_138_1p2_AR,1,0.9878521847767782,ICBHI_138,1,ICBHI,AKGC417L
ICBHI_138_1p2_LL,1,0.70714679554538,ICBHI_138,1,ICBHI,AKGC417L
ICBHI_138_1p2_LR,1,0.6837932477788549,ICBHI_138,1,ICBHI,AKGC417L
ICBHI_138_1p2_PL,1,0.3068157223734784,ICBHI_138,1,ICBHI,AKGC417L
ICBHI_138_1p2_PR,1,0.48263487206204464,ICBHI_138,1,ICBHI,AKGC417L
ICBHI_138_1p2_TC,1,0.7443308618553626,ICBHI_138,1,ICBHI,AKGC417L
ICBHI_138_1p3_AL,1,0.38120370286191224,ICBHI_138,1,ICBHI,AKGC417L
ICBHI_138_1p3_AR,1,0.6203151473066313,ICBHI_138,1,ICBHI,AKGC417L
ICBHI_138_1p3_LL,1,0.8495655283385283,ICBHI_138,1,ICBHI,AKGC417L
ICBHI_138_1p3_LR,1,0.8785346485663952,ICBHI_138,1,ICBHI,AKGC417L
ICBHI_138_1p3_PL,1,0.20697954127622495,ICBHI_138,1,ICBHI,AKGC417L
ICBHI_138_1p3_PR,1,0.5752659119319657,ICBHI_138,1,ICBHI,AKGC417L
ICBHI_138_1p3_TC,1,0.05572593596426358,ICBHI_138,1,ICBHI,AKGC417L
ICBHI_138_1p4_AR,1,0.7807789541043244,ICBHI_138,1,ICBHI,AKGC417L
ICBHI_138_1p4_LL,1,0.7740398007433892,ICBHI_138,1,ICBHI,AKGC417L
ICBHI_138_1p4_LR,1,0.811696816047675,ICBHI_138,1,ICBHI,AKGC417L
ICBHI_138_1p4_PL,1,0.3649541880934288,ICBHI_138,1,ICBHI,AKGC417L
ICBHI_138_1p4_PR,1,0.6619297586595607,ICBHI_138,1,ICBHI,AKGC417L
ICBHI_138_1p4_TC,1,0.005968562984150912,ICBHI_138,1,ICBHI,AKGC417L
ICBHI_138_2p2_AL,1,0.41120658364524376,ICBHI_138,1,ICBHI,AKGC417L
ICBHI_138_2p2_AR,1,0.36117126606818967,ICBHI_138,1,ICBHI,AKGC417L
ICBHI_138_2p2_LL,1,0.5159094925006424,ICBHI_138,1,ICBHI,AKGC417L
ICBHI_138_2p2_LR,1,0.5980715696584451,ICBHI_138,1,ICBHI,AKGC417L
ICBHI_138_2p2_PL,1,0.8970024149505436,ICBHI_138,1,ICBHI,AKGC417L
ICBHI_138_2p2_PR,1,0.8387115193791692,ICBHI_138,1,ICBHI,AKGC417L
ICBHI_138_2p2_TC,1,0.3836599907749086,ICBHI_138,1,ICBHI,AKGC417L
ICBHI_139_1b1_AL,1,0.6885850483251792,ICBHI_139,3,ICBHI,Litt3200
ICBHI_139_1b1_AR,1,0.7387075407037094,ICBHI_139,3,ICBHI,Litt3200
ICBHI_139_1b1_LL,1,0.6240160617554368,ICBHI_139,3,ICBHI,Litt3200
ICBHI_139_1b1_LR,1,0.6027861411513349,ICBHI_139,3,ICBHI,Litt3200
ICBHI_139_1b1_PL,1,0.5686894513041479,ICBHI_139,3,ICBHI,Litt3200
ICBHI_139_1b1_PR,1,0.7539984433267817,ICBHI_139,3,ICBHI,Litt3200
ICBHI_141_1b1_PR,1,0.24201051914858443,ICBHI_141,4,ICBHI,LittC2SE
ICBHI_141_1b2_AR,1,0.532596943037614,ICBHI_141,4,ICBHI,LittC2SE
ICBHI_141_1b2_LR,1,0.21333439983941735,ICBHI_141,4,ICBHI,LittC2SE
ICBHI_141_1b2_PR,1,0.727088842736002,ICBHI_141,4,ICBHI,LittC2SE
ICBHI_141_1b2_TC,1,0.828559512926011,ICBHI_141,4,ICBHI,LittC2SE
ICBHI_141_1b3_AL,1,0.9060642139860597,ICBHI_141,4,ICBHI,LittC2SE
ICBHI_141_1b3_AR,1,0.43500036668815234,ICBHI_141,4,ICBHI,LittC2SE
ICBHI_141_1b3_PR,1,0.7106048605877725,ICBHI_141,4,ICBHI,LittC2SE
ICBHI_142_1b1_PL,1,0.8695828974862655,ICBHI_142,4,ICBHI,LittC2SE
ICBHI_144_1b1_AL,0,0.5782727515009423,ICBHI_144,1,ICBHI,Meditron
ICBHI_144_1b1_TC,0,0.3821558482727747,ICBHI_144,1,ICBHI,Meditron
ICBHI_145_2b2_AL,0,0.5286860804976231,ICBHI_145,4,ICBHI,AKGC417L
ICBHI_145_2b2_AR,0,0.13952854097687792,ICBHI_145,4,ICBHI,AKGC417L
ICBHI_145_2b2_LR,0,0.6280201503623102,ICBHI_145,4,ICBHI,AKGC417L
ICBHI_145_2b2_PR,0,0.7532496350878014,ICBHI_145,4,ICBHI,AKGC417L
ICBHI_145_3b2_AR,0,0.24149021268294366,ICBHI_145,4,ICBHI,AKGC417L
ICBHI_145_3b2_LR,0,0.5185150412148124,ICBHI_145,4,ICBHI,AKGC417L
ICBHI_145_3b4_PL,0,0.6803304956343705,ICBHI_145,4,ICBHI,AKGC417L
ICBHI_146_2b2_PL,1,0.9361242669247419,ICBHI_146,0,ICBHI,AKGC417L
ICBHI_146_2b4_AL,1,0.7520245712890476,ICBHI_146,0,ICBHI,AKGC417L
ICBHI_146_2b4_AR,1,0.3449327620779073,ICBHI_146,0,ICBHI,AKGC417L
ICBHI_146_2b4_LL,1,0.973051162960061,ICBHI_146,0,ICBHI,AKGC417L
ICBHI_146_2b4_LR,1,0.9103292865109893,ICBHI_146,0,ICBHI,AKGC417L
ICBHI_146_2b4_PR,1,0.8637951008554949,ICBHI_146,0,ICBHI,AKGC417L
ICBHI_146_8p3_AL,1,0.12136956332793446,ICBHI_146,0,ICBHI,AKGC417L
ICBHI_146_8p3_AR,1,0.33347094087782014,ICBHI_146,0,ICBHI,AKGC417L
ICBHI_146_8p3_LR,1,0.9839588098875798,ICBHI_146,0,ICBHI,AKGC417L
ICBHI_146_8p3_PL,1,0.9507804600952203,ICBHI_146,0,ICBHI,AKGC417L
ICBHI_146_8p3_PR,1,0.9765609704247816,ICBHI_146,0,ICBHI,AKGC417L
ICBHI_151_2p2_AL,0,0.9054902429512569,ICBHI_151,2,ICBHI,AKGC417L
ICBHI_151_2p2_AR,0,0.5455747618483429,ICBHI_151,2,ICBHI,AKGC417L
ICBHI_151_2p2_LL,0,0.6014189350328749,ICBHI_151,2,ICBHI,AKGC417L
ICBHI_151_2p2_LR,0,0.04780497108237737,ICBHI_151,2,ICBHI,AKGC417L
ICBHI_151_2p2_PL,0,0.7361396934152957,ICBHI_151,2,ICBHI,AKGC417L
ICBHI_151_2p2_PR,0,0.712062152962644,ICBHI_151,2,ICBHI,AKGC417L
ICBHI_151_2p2_TC,0,0.7292146167223957,ICBHI_151,2,ICBHI,AKGC417L
ICBHI_151_2p3_AL,0,0.16429918265678767,ICBHI_151,2,ICBHI,AKGC417L
ICBHI_151_2p3_AR,0,0.24781900219800443,ICBHI_151,2,ICBHI,AKGC417L
ICBHI_151_2p3_LL,0,0.1430327686636463,ICBHI_151,2,ICBHI,AKGC417L
ICBHI_151_2p3_LR,0,0.00505967590919354,ICBHI_151,2,ICBHI,AKGC417L
ICBHI_151_2p3_PL,0,0.9728149272195082,ICBHI_151,2,ICBHI,AKGC417L
ICBHI_151_2p3_PR,0,0.12709876155948188,ICBHI_151,2,ICBHI,AKGC417L
ICBHI_151_2p3_TC,0,0.4854064842481972,ICBHI_151,2,ICBHI,AKGC417L
ICBHI_151_2p4_AL,0,0.45162621923393875,ICBHI_151,2,ICBHI,AKGC417L
ICBHI_151_2p4_AR,0,0.34309202026982255,ICBHI_151,2,ICBHI,AKGC417L
ICBHI_151_2p4_LL,0,0.2991719585568844,ICBHI_151,2,ICBHI,AKGC417L
ICBHI_151_2p4_LR,0,0.021261931863841742,ICBHI_151,2,ICBHI,AKGC417L
ICBHI_151_2p4_PL,0,0.7392547286797858,ICBHI_151,2,ICBHI,AKGC417L
ICBHI_151_2p4_PR,0,0.2352742032286636,ICBHI_151,2,ICBHI,AKGC417L
ICBHI_151_2p4_TC,0,0.38256385070307275,ICBHI_151,2,ICBHI,AKGC417L
ICBHI_151_3p2_AL,0,0.09777897422781104,ICBHI_151,2,ICBHI,AKGC417L
ICBHI_151_3p2_AR,0,0.21487935078583104,ICBHI_151,2,ICBHI,AKGC417L
ICBHI_151_3p2_LR,0,0.24493090058171485,ICBHI_151,2,ICBHI,AKGC417L
ICBHI_151_3p2_PL,0,0.9706127329353053,ICBHI_151,2,ICBHI,AKGC417L
ICBHI_151_3p2_PR,0,0.7879944331390175,ICBHI_151,2,ICBHI,AKGC417L
ICBHI_151_3p2_TC,0,0.4012569804046489,ICBHI_151,2,ICBHI,AKGC417L
ICBHI_151_3p3_LL,0,0.9724397025538074,ICBHI_151,2,ICBHI,AKGC417L
ICBHI_152_1b1_AL,0,0.26601159476195624,ICBHI_152,4,ICBHI,Meditron
ICBHI_153_1b1_AL,1,0.7755488855330173,ICBHI_153,4,ICBHI,Meditron
ICBHI_154_1b3_AL,1,0.41246033906339097,ICBHI_154,2,ICBHI,AKGC417L
ICBHI_154_1b3_AR,1,0.9864042404414001,ICBHI_154,2,ICBHI,AKGC417L
ICBHI_154_1b3_LL,1,0.696472392268075,ICBHI_154,2,ICBHI,AKGC417L
ICBHI_154_1b3_LR,1,0.07211665943661401,ICBHI_154,2,ICBHI,AKGC417L
ICBHI_154_1b3_PL,1,0.9910130895069648,ICBHI_154,2,ICBHI,AKGC417L
ICBHI_154_1b3_PR,1,0.37412958140778857,ICBHI_154,2,ICBHI,AKGC417L
ICBHI_154_1b3_TC,1,0.3559027491017905,ICBHI_154,2,ICBHI,AKGC417L
ICBHI_154_2b4_AL,1,0.012914958818658942,ICBHI_154,2,ICBHI,AKGC417L
ICBHI_154_2b4_AR,1,0.9929370126793996,ICBHI_154,2,ICBHI,AKGC417L
ICBHI_154_2b4_LL,1,0.41989522896534837,ICBHI_154,2,ICBHI,AKGC417L
ICBHI_154_2b4_LR,1,0.701172578873474,ICBHI_154,2,ICBHI,AKGC417L
ICBHI_154_2b4_PL,1,0.95330229159181,ICBHI_154,2,ICBHI,AKGC417L
ICBHI_154_2b4_PR,1,0.3806449568336083,ICBHI_154,2,ICBHI,AKGC417L
ICBHI_154_2b4_TC,1,0.9070887838995215,ICBHI_154,2,ICBHI,AKGC417L
ICBHI_154_3b3_AL,1,0.00013731237474236667,ICBHI_154,2,ICBHI,AKGC417L
ICBHI_154_3b3_AR,1,0.7164119111328823,ICBHI_154,2,ICBHI,AKGC417L
ICBHI_154_3b3_LL,1,0.000437756209884809,ICBHI_154,2,ICBHI,AKGC417L
ICBHI_154_4b4_AL,1,0.7143010325656493,ICBHI_154,2,ICBHI,AKGC417L
ICBHI_154_4b4_AR,1,0.9983175305929749,ICBHI_154,2,ICBHI,AKGC417L
ICBHI_154_4b4_LL,1,0.7688637289751921,ICBHI_154,2,ICBHI,AKGC417L
ICBHI_154_4b4_LR,1,0.6475333516005968,ICBHI_154,2,ICBHI,AKGC417L
ICBHI_154_4b4_PL,1,0.6995216376868767,ICBHI_154,2,ICBHI,AKGC417L
ICBHI_154_4b4_PR,1,0.3803087522299138,ICBHI_154,2,ICBHI,AKGC417L
ICBHI_155_2b1_AL,1,0.4907915370054822,ICBHI_155,3,ICBHI,LittC2SE
ICBHI_156_2b3_AL,0,0.014187001331177573,ICBHI_156,1,ICBHI,AKGC417L
ICBHI_156_2b3_AR,0,0.6543135640294845,ICBHI_156,1,ICBHI,AKGC417L
ICBHI_156_2b3_LL,0,0.08952541981792014,ICBHI_156,1,ICBHI,AKGC417L
ICBHI_156_2b3_LR,0,0.05431402261261004,ICBHI_156,1,ICBHI,AKGC417L
ICBHI_156_2b3_PL,0,0.04082362043878535,ICBHI_156,1,ICBHI,AKGC417L
ICBHI_156_2b3_PR,0,0.06910429255932908,ICBHI_156,1,ICBHI,AKGC417L
ICBHI_156_5b3_AL,0,0.6728931326965861,ICBHI_156,1,ICBHI,AKGC417L
ICBHI_156_5b3_AR,0,0.8333213180101918,ICBHI_156,1,ICBHI,AKGC417L
ICBHI_156_5b3_LL,0,0.9796880766535495,ICBHI_156,1,ICBHI,AKGC417L
ICBHI_156_5b3_LR,0,0.719601124876843,ICBHI_156,1,ICBHI,AKGC417L
ICBHI_156_5b3_PL,0,0.5363396446822496,ICBHI_156,1,ICBHI,AKGC417L
ICBHI_156_5b3_PR,0,0.0002904448503173429,ICBHI_156,1,ICBHI,AKGC417L
ICBHI_156_8b3_AL,0,0.011454636338623357,ICBHI_156,1,ICBHI,AKGC417L
ICBHI_156_8b3_AR,0,0.9236660929762363,ICBHI_156,1,ICBHI,AKGC417L
ICBHI_156_8b3_LL,0,0.020718432106515285,ICBHI_156,1,ICBHI,AKGC417L
ICBHI_156_8b3_LR,0,0.9922375394827734,ICBHI_156,1,ICBHI,AKGC417L
ICBHI_156_8b3_PL,0,0.8366334473647764,ICBHI_156,1,ICBHI,AKGC417L
ICBHI_157_1b1_AL,0,0.25264628562539554,ICBHI_157,3,ICBHI,Meditron
ICBHI_157_1b1_AR,0,0.3904357815185198,ICBHI_157,3,ICBHI,Meditron
ICBHI_157_1b1_LR,0,0.2168634581636071,ICBHI_157,3,ICBHI,Meditron
ICBHI_157_1b1_PL,0,0.31515613711813545,ICBHI_157,3,ICBHI,Meditron
ICBHI_157_1b1_PR,0,0.3321871361340813,ICBHI_157,3,ICBHI,Meditron
ICBHI_158_1b3_AR,0,0.9841997422929947,ICBHI_158,2,ICBHI,LittC2SE
ICBHI_158_1p2_AL,0,0.39660678784402326,ICBHI_158,2,ICBHI,AKGC417L
ICBHI_158_1p2_AR,0,0.7957594078149557,ICBHI_158,2,ICBHI,AKGC417L
ICBHI_158_1p2_LL,0,0.8248461846629003,ICBHI_158,2,ICBHI,AKGC417L
ICBHI_158_1p2_LR,0,0.3569183433005659,ICBHI_158,2,ICBHI,AKGC417L
ICBHI_158_1p2_PL,0,0.5246512084460505,ICBHI_158,2,ICBHI,AKGC417L
ICBHI_158_1p2_PR,0,0.008872626617097142,ICBHI_158,2,ICBHI,AKGC417L
ICBHI_158_1p2_TC,0,0.8199339095965799,ICBHI_158,2,ICBHI,AKGC417L
ICBHI_158_1p3_AL,0,0.9639164825948902,ICBHI_158,2,ICBHI,AKGC417L
ICBHI_158_1p3_AR,0,0.9122347989297868,ICBHI_158,2,ICBHI,AKGC417L
ICBHI_158_1p3_LL,0,0.5102254925797344,ICBHI_158,2,ICBHI,AKGC417L
ICBHI_158_1p3_LR,0,0.22679163205332192,ICBHI_158,2,ICBHI,AKGC417L
ICBHI_158_1p3_PL,0,0.45326937186764155,ICBHI_158,2,ICBHI,AKGC417L
ICBHI_158_1p3_PR,0,0.001703117622843257,ICBHI_158,2,ICBHI,AKGC417L
ICBHI_158_1p3_TC,0,0.829771662930634,ICBHI_158,2,ICBHI,AKGC417L
ICBHI_158_1p4_AL,0,0.22316532771017164,ICBHI_158,2,ICBHI,AKGC417L
ICBHI_158_1p4_AR,0,0.5777392600346694,ICBHI_158,2,ICBHI,AKGC417L
ICBHI_158_1p4_LR,0,0.8862026238190912,ICBHI_158,2,ICBHI,AKGC417L
ICBHI_158_1p4_PL,0,0.2878176393803477,ICBHI_158,2,ICBHI,AKGC417L
ICBHI_158_1p4_PR,0,0.016366685878737516,ICBHI_158,2,ICBHI,AKGC417L
ICBHI_158_1p4_TC,0,0.8932148498051659,ICBHI_158,2,ICBHI,AKGC417L
ICBHI_158_2p2_AR,0,0.10765866090117661,ICBHI_158,2,ICBHI,AKGC417L
ICBHI_158_2p3_LR,0,0.01322247234623558,ICBHI_158,2,ICBHI,AKGC417L
ICBHI_158_2p3_TC,0,0.11124256289566874,ICBHI_158,2,ICBHI,AKGC417L
ICBHI_159_1b1_AL,1,0.9979542690656843,ICBHI_159,2,ICBHI,Meditron
ICBHI_159_1b1_AR,1,0.7249262750054395,ICBHI_159,2,ICBHI,Meditron
ICBHI_159_1b1_LL,1,0.7414009654176219,ICBHI_159,2,ICBHI,Meditron
ICBHI_159_1b1_PR,1,0.9975054246183112,ICBHI_159,2,ICBHI,Meditron
ICBHI_163_2b2_AL,1,0.9733839161672199,ICBHI_163,1,ICBHI,AKGC417L
ICBHI_163_2b2_AR,1,0.7775028173899395,ICBHI_163,1,ICBHI,AKGC417L
ICBHI_163_2b2_LL,1,0.6752125349173607,ICBHI_163,1,ICBHI,AKGC417L
ICBHI_163_2b2_LR,1,0.8739677169370171,ICBHI_163,1,ICBHI,AKGC417L
ICBHI_163_2b2_PL,1,0.7452546864107324,ICBHI_163,1,ICBHI,AKGC417L
ICBHI_163_2b2_PR,1,0.014773305187291443,ICBHI_163,1,ICBHI,AKGC417L
ICBHI_163_2b2_TC,1,0.6374774371810147,ICBHI_163,1,ICBHI,AKGC417L
ICBHI_163_8b3_AL,1,0.1876494640689065,ICBHI_163,1,ICBHI,AKGC417L
ICBHI_163_8b3_AR,1,0.12461330904059532,ICBHI_163,1,ICBHI,AKGC417L
ICBHI_163_8b3_LL,1,0.009371551756389528,ICBHI_163,1,ICBHI,AKGC417L
ICBHI_163_8b3_LR,1,0.13182837954785792,ICBHI_163,1,ICBHI,AKGC417L
ICBHI_163_8b3_PL,1,0.8592838793042039,ICBHI_163,1,ICBHI,AKGC417L
ICBHI_163_8b3_PR,1,0.4988826431136068,ICBHI_163,1,ICBHI,AKGC417L
ICBHI_170_1b2_AL,1,0.646519133363638,ICBHI_170,1,ICBHI,AKGC417L
ICBHI_170_1b2_AR,1,0.7615450151019706,ICBHI_170,1,ICBHI,AKGC417L
ICBHI_170_1b2_LR,1,0.5952053207795115,ICBHI_170,1,ICBHI,AKGC417L
ICBHI_170_1b2_PL,1,0.9824727758299383,ICBHI_170,1,ICBHI,AKGC417L
ICBHI_170_1b2_PR,1,0.9339584899771315,ICBHI_170,1,ICBHI,AKGC417L
ICBHI_170_1b2_TC,1,0.5253697531163211,ICBHI_170,1,ICBHI,AKGC417L
ICBHI_170_1b3_AL,1,0.6592111723224187,ICBHI_170,1,ICBHI,AKGC417L
ICBHI_170_1b3_AR,1,0.778048327711924,ICBHI_170,1,ICBHI,AKGC417L
ICBHI_170_1b3_LL,1,0.9395137470549123,ICBHI_170,1,ICBHI,AKGC417L
ICBHI_170_1b3_LR,1,0.31488833766643737,ICBHI_170,1,ICBHI,AKGC417L
ICBHI_170_1b3_PL,1,0.9916781912397651,ICBHI_170,1,ICBHI,AKGC417L
ICBHI_170_1b3_PR,1,0.9230837783213994,ICBHI_170,1,ICBHI,AKGC417L
ICBHI_170_1b3_TC,1,0.8646527481987359,ICBHI_170,1,ICBHI,AKGC417L
ICBHI_170_1b4_AL,1,0.9191085323247705,ICBHI_170,1,ICBHI,AKGC417L
ICBHI_170_1b4_AR,1,0.658244912859192,ICBHI_170,1,ICBHI,AKGC417L
ICBHI_170_1b4_LR,1,0.39383116879248303,ICBHI_170,1,ICBHI,AKGC417L
ICBHI_170_1b4_PL,1,0.9881746026452387,ICBHI_170,1,ICBHI,AKGC417L
ICBHI_170_1b4_PR,1,0.9393109018253668,ICBHI_170,1,ICBHI,AKGC417L
ICBHI_170_1b4_TC,1,0.9236917234524583,ICBHI_170,1,ICBHI,AKGC417L
ICBHI_170_2b2_AL,1,0.6336327662402665,ICBHI_170,1,ICBHI,AKGC417L
ICBHI_170_2b2_AR,1,0.6833248695245037,ICBHI_170,1,ICBHI,AKGC417L
ICBHI_170_2b2_LR,1,0.6401051933888977,ICBHI_170,1,ICBHI,AKGC417L
ICBHI_170_2b2_PL,1,0.9750808845764852,ICBHI_170,1,ICBHI,AKGC417L
ICBHI_170_2b2_PR,1,0.963026228555205,ICBHI_170,1,ICBHI,AKGC417L
ICBHI_170_2b2_TC,1,0.9596946915676252,ICBHI_170,1,ICBHI,AKGC417L
ICBHI_171_1b1_AL,1,0.1576862270647757,ICBHI_171,0,ICBHI,Meditron
ICBHI_172_1b3_AL,1,0.4997360955159427,ICBHI_172,3,ICBHI,AKGC417L
ICBHI_172_1b3_AR,1,0.35016474916869533,ICBHI_172,3,ICBHI,AKGC417L
ICBHI_172_1b3_LL,1,0.3140029356735707,ICBHI_172,3,ICBHI,AKGC417L
ICBHI_172_1b3_LR,1,0.2510556155457132,ICBHI_172,3,ICBHI,AKGC417L
ICBHI_172_1b3_PL,1,0.5685379310493719,ICBHI_172,3,ICBHI,AKGC417L
ICBHI_172_1b3_PR,1,0.6467564176945276,ICBHI_172,3,ICBHI,AKGC417L
ICBHI_172_1b3_TC,1,0.28478902885815177,ICBHI_172,3,ICBHI,AKGC417L
ICBHI_172_1b4_AL,1,0.3723173621621397,ICBHI_172,3,ICBHI,AKGC417L
ICBHI_172_1b4_AR,1,0.5410306307792307,ICBHI_172,3,ICBHI,AKGC417L
ICBHI_172_1b4_LL,1,0.38505131147417954,ICBHI_172,3,ICBHI,AKGC417L
ICBHI_172_1b4_LR,1,0.45209017293787274,ICBHI_172,3,ICBHI,AKGC417L
ICBHI_172_1b4_PL,1,0.34832887755568814,ICBHI_172,3,ICBHI,AKGC417L
ICBHI_172_1b4_PR,1,0.3515480283903792,ICBHI_172,3,ICBHI,AKGC417L
ICBHI_172_1b4_TC,1,0.3303972212560531,ICBHI_172,3,ICBHI,AKGC417L
ICBHI_172_1b5_AL,1,0.480922476072943,ICBHI_172,3,ICBHI,AKGC417L
ICBHI_172_1b5_AR,1,0.3564299390234291,ICBHI_172,3,ICBHI,AKGC417L
ICBHI_172_1b5_LL,1,0.42456928043918374,ICBHI_172,3,ICBHI,AKGC417L
ICBHI_172_1b5_LR,1,0.36124169617809326,ICBHI_172,3,ICBHI,AKGC417L
ICBHI_172_1b5_PL,1,0.548914399473686,ICBHI_172,3,ICBHI,AKGC417L
ICBHI_172_1b5_PR,1,0.6253253967984611,ICBHI_172,3,ICBHI,AKGC417L
ICBHI_172_1b5_TC,1,0.2717111747616755,ICBHI_172,3,ICBHI,AKGC417L
ICBHI_172_2b5_AL,1,0.26706490906467556,ICBHI_172,3,ICBHI,AKGC417L
ICBHI_172_2b5_AR,1,0.3796041627960385,ICBHI_172,3,ICBHI,AKGC417L
ICBHI_172_2b5_LR,1,0.26976085009070944,ICBHI_172,3,ICBHI,AKGC417L
ICBHI_172_2b5_PL,1,0.4829387194036912,ICBHI_172,3,ICBHI,AKGC417L
ICBHI_172_2b5_PR,1,0.5567803578426541,ICBHI_172,3,ICBHI,AKGC417L
ICBHI_172_2b5_TC,1,0.274432787473827,ICBHI_172,3,ICBHI,AKGC417L
ICBHI_174_1p2_AR,1,0.8803244057936421,ICBHI_174,2,ICBHI,AKGC417L
ICBHI_174_1p2_LL,1,0.8099603774180814,ICBHI_174,2,ICBHI,AKGC417L
ICBHI_174_1p2_LR,1,0.4719191738886074,ICBHI_174,2,ICBHI,AKGC417L
ICBHI_174_1p2_PL,1,0.781122398651518,ICBHI_174,2,ICBHI,AKGC417L
ICBHI_174_1p2_PR,1,0.884603984570206,ICBHI_174,2,ICBHI,AKGC417L
ICBHI_174_1p2_TC,1,0.9024096924205111,ICBHI_174,2,ICBHI,AKGC417L
ICBHI_174_1p3_AR,1,0.9741309319289221,ICBHI_174,2,ICBHI,AKGC417L
ICBHI_174_1p3_LL,1,0.3345824577492761,ICBHI_174,2,ICBHI,AKGC417L
ICBHI_174_1p3_LR,1,0.06685969191677385,ICBHI_174,2,ICBHI,AKGC417L
ICBHI_174_1p3_PL,1,0.810939504220403,ICBHI_174,2,ICBHI,AKGC417L
ICBHI_174_1p3_PR,1,0.5700983299190886,ICBHI_174,2,ICBHI,AKGC417L
ICBHI_174_1p3_TC,1,0.7126360153316805,ICBHI_174,2,ICBHI,AKGC417L
ICBHI_174_1p4_AR,1,0.9063223322602624,ICBHI_174,2,ICBHI,AKGC417L
ICBHI_174_1p4_LL,1,0.5070216156428106,ICBHI_174,2,ICBHI,AKGC417L
ICBHI_174_1p4_LR,1,0.2515593035245107,ICBHI_174,2,ICBHI,AKGC417L
ICBHI_174_1p4_PL,1,0.7485080515148631,ICBHI_174,2,ICBHI,AKGC417L
ICBHI_174_1p4_PR,1,0.6887986713338325,ICBHI_174,2,ICBHI,AKGC417L
ICBHI_174_1p4_TC,1,0.6006988631896303,ICBHI_174,2,ICBHI,AKGC417L
ICBHI_174_2p3_AL,1,0.2978088504228021,ICBHI_174,2,ICBHI,AKGC417L
ICBHI_174_2p3_AR,1,0.5843938973422361,ICBHI_174,2,ICBHI,AKGC417L
ICBHI_174_2p3_PL,1,0.2798021935159138,ICBHI_174,2,ICBHI,AKGC417L
ICBHI_174_2p3_PR,1,0.17233033485848112,ICBHI_174,2,ICBHI,AKGC417L
ICBHI_174_2p3_TC,1,0.9564071379610812,ICBHI_174,2,ICBHI,AKGC417L
ICBHI_175_1b1_AL,1,0.6944345197141968,ICBHI_175,4,ICBHI,Litt3200
ICBHI_175_1b1_AR,1,0.7558751430069895,ICBHI_175,4,ICBHI,Litt3200
ICBHI_175_1b1_LL,1,0.8104654769699162,ICBHI_175,4,ICBHI,Litt3200
ICBHI_175_1b1_LR,1,0.6648049024037577,ICBHI_175,4,ICBHI,Litt3200
ICBHI_175_1b1_PL,1,0.8366474630940679,ICBHI_175,4,ICBHI,Litt3200
ICBHI_175_1b1_PR,1,0.318235140538746,ICBHI_175,4,ICBHI,Litt3200
ICBHI_177_1b2_AL,1,0.898709556440196,ICBHI_177,0,ICBHI,AKGC417L
ICBHI_177_1b2_AR,1,0.051388970726800785,ICBHI_177,0,ICBHI,AKGC417L
ICBHI_177_1b2_LR,1,0.6778708611613713,ICBHI_177,0,ICBHI,AKGC417L
ICBHI_177_1b2_PL,1,0.9461315287488986,ICBHI_177,0,ICBHI,AKGC417L
ICBHI_177_1b2_PR,1,0.9514047792329384,ICBHI_177,0,ICBHI,AKGC417L
ICBHI_177_1b2_TC,1,0.8333701045850187,ICBHI_177,0,ICBHI,AKGC417L
ICBHI_177_1b4_AL,1,0.9368524848709169,ICBHI_177,0,ICBHI,AKGC417L
ICBHI_177_1b4_AR,1,0.08088425026495667,ICBHI_177,0,ICBHI,AKGC417L
ICBHI_177_1b4_LR,1,0.27697362075107196,ICBHI_177,0,ICBHI,AKGC417L
ICBHI_177_1b4_PL,1,0.8539339215025467,ICBHI_177,0,ICBHI,AKGC417L
ICBHI_177_1b4_PR,1,0.9633811420878672,ICBHI_177,0,ICBHI,AKGC417L
ICBHI_177_1b4_TC,1,0.991934078559738,ICBHI_177,0,ICBHI,AKGC417L
ICBHI_177_2b4_AL,1,0.9278831446384933,ICBHI_177,0,ICBHI,AKGC417L
ICBHI_177_2b4_LR,1,0.8912579399459999,ICBHI_177,0,ICBHI,AKGC417L
ICBHI_177_2b4_PL,1,0.984263514625912,ICBHI_177,0,ICBHI,AKGC417L
ICBHI_177_2b4_PR,1,0.9378481762644729,ICBHI_177,0,ICBHI,AKGC417L
ICBHI_177_2b4_TC,1,0.9972159065286192,ICBHI_177,0,ICBHI,AKGC417L
ICBHI_179_1b1_AL,1,0.7434005568501585,ICBHI_179,0,ICBHI,Meditron
ICBHI_179_1b1_TC,1,0.43877164846458017,ICBHI_179,0,ICBHI,Meditron
ICBHI_180_1b4_AL,0,0.5790523247927697,ICBHI_180,2,ICBHI,AKGC417L
ICBHI_180_1b4_AR,0,0.36289785240691963,ICBHI_180,2,ICBHI,AKGC417L
ICBHI_180_1b4_LR,0,0.518599818738748,ICBHI_180,2,ICBHI,AKGC417L
ICBHI_180_1b4_PL,0,0.957322918404917,ICBHI_180,2,ICBHI,AKGC417L
ICBHI_180_1b4_PR,0,0.655802350122224,ICBHI_180,2,ICBHI,AKGC417L
ICBHI_181_1b1_AR,1,0.5404095646635895,ICBHI_181,3,ICBHI,LittC2SE
ICBHI_181_1b1_TC,1,0.6292973063655628,ICBHI_181,3,ICBHI,LittC2SE
ICBHI_181_1b2_AR,1,0.5326627464416582,ICBHI_181,3,ICBHI,LittC2SE
ICBHI_181_1b3_TC,1,0.6258959998148156,ICBHI_181,3,ICBHI,LittC2SE
ICBHI_182_1b1_TC,0,0.6507835260272926,ICBHI_182,1,ICBHI,Meditron
ICBHI_183_1b1_PL,1,0.3487595405560985,ICBHI_183,3,ICBHI,Meditron
ICBHI_183_1b1_TC,1,0.5278005265144391,ICBHI_183,3,ICBHI,Meditron
ICBHI_184_1b1_AR,0,0.45813376944597206,ICBHI_184,0,ICBHI,Meditron
ICBHI_185_1b1_AL,0,0.9969000461499568,ICBHI_185,2,ICBHI,Litt3200
ICBHI_185_1b1_AR,0,0.9977559048016866,ICBHI_185,2,ICBHI,Litt3200
ICBHI_185_1b1_LL,0,0.8569689369802341,ICBHI_185,2,ICBHI,Litt3200
ICBHI_185_1b1_LR,0,0.9948468707673216,ICBHI_185,2,ICBHI,Litt3200
ICBHI_185_1b1_PL,0,0.9976319109935895,ICBHI_185,2,ICBHI,Litt3200
ICBHI_185_1b1_PR,0,0.9985982346731228,ICBHI_185,2,ICBHI,Litt3200
ICBHI_186_2b2_AL,0,0.5429619743924406,ICBHI_186,3,ICBHI,AKGC417L
ICBHI_186_2b2_AR,0,0.4784842656780836,ICBHI_186,3,ICBHI,AKGC417L
ICBHI_186_2b2_LR,0,0.5906629173287224,ICBHI_186,3,ICBHI,AKGC417L
ICBHI_186_2b2_PL,0,0.5907737106074995,ICBHI_186,3,ICBHI,AKGC417L
ICBHI_186_2b2_PR,0,0.6107700772841627,ICBHI_186,3,ICBHI,AKGC417L
ICBHI_186_2b2_TC,0,0.3250471577517657,ICBHI_186,3,ICBHI,AKGC417L
ICBHI_186_2b3_AL,0,0.5563239527861484,ICBHI_186,3,ICBHI,AKGC417L
ICBHI_186_2b3_AR,0,0.42594784769132177,ICBHI_186,3,ICBHI,AKGC417L
ICBHI_186_2b3_LR,0,0.5823901681939231,ICBHI_186,3,ICBHI,AKGC417L
ICBHI_186_2b3_PL,0,0.6104416055470913,ICBHI_186,3,ICBHI,AKGC417L
ICBHI_186_2b3_PR,0,0.5955012770915928,ICBHI_186,3,ICBHI,AKGC417L
ICBHI_186_2b3_TC,0,0.3141101369478506,ICBHI_186,3,ICBHI,AKGC417L
ICBHI_186_2b4_AL,0,0.5863125114064864,ICBHI_186,3,ICBHI,AKGC417L
ICBHI_186_2b4_AR,0,0.43633278719506496,ICBHI_186,3,ICBHI,AKGC417L
ICBHI_186_2b4_LR,0,0.6210512750314662,ICBHI_186,3,ICBHI,AKGC417L
ICBHI_186_2b4_PL,0,0.5940126440471888,ICBHI_186,3,ICBHI,AKGC417L
ICBHI_186_2b4_PR,0,0.6143441882522159,ICBHI_186,3,ICBHI,AKGC417L
ICBHI_186_2b4_TC,0,0.3020040801558066,ICBHI_186,3,ICBHI,AKGC417L
ICBHI_186_3b3_AL,0,0.5444538181896386,ICBHI_186,3,ICBHI,AKGC417L
ICBHI_186_3b3_AR,0,0.4368016673344388,ICBHI_186,3,ICBHI,AKGC417L
ICBHI_186_3b3_LR,0,0.5941286037776257,ICBHI_186,3,ICBHI,AKGC417L
ICBHI_186_3b3_PL,0,0.6401937869087329,ICBHI_186,3,ICBHI,AKGC417L
ICBHI_186_3b3_PR,0,0.6688238591541545,ICBHI_186,3,ICBHI,AKGC417L
ICBHI_186_3b3_TC,0,0.3209662509001251,ICBHI_186,3,ICBHI,AKGC417L
ICBHI_189_1b2_LR,1,0.037718970568066286,ICBHI_189,2,ICBHI,LittC2SE
ICBHI_192_2b1_AL,1,0.5255987467433371,ICBHI_192,2,ICBHI,LittC2SE
ICBHI_192_2b1_AR,1,0.9980049178288323,ICBHI_192,2,ICBHI,LittC2SE
ICBHI_192_2b2_AL,1,0.34897109816299904,ICBHI_192,2,ICBHI,LittC2SE
ICBHI_192_2b2_AR,1,0.9942690326112461,ICBHI_192,2,ICBHI,LittC2SE
ICBHI_192_2b3_AL,1,0.4015186121374174,ICBHI_192,2,ICBHI,LittC2SE
ICBHI_192_2b3_AR,1,0.9970408946019369,ICBHI_192,2,ICBHI,LittC2SE
ICBHI_194_1b1_LR,1,0.5852108108899132,ICBHI_194,3,ICBHI,Meditron
ICBHI_194_1b1_PR,1,0.42455616515419925,ICBHI_194,3,ICBHI,Meditron
ICBHI_198_1b5_AL,1,0.38076958095575414,ICBHI_198,0,ICBHI,AKGC417L
ICBHI_198_1b5_AR,1,0.5350327199480345,ICBHI_198,0,ICBHI,AKGC417L
ICBHI_198_1b5_LL,1,0.1479148735508151,ICBHI_198,0,ICBHI,AKGC417L
ICBHI_198_1b5_LR,1,0.33798198768342436,ICBHI_198,0,ICBHI,AKGC417L
ICBHI_198_1b5_PL,1,0.1958083053343748,ICBHI_198,0,ICBHI,AKGC417L
ICBHI_198_1b5_PR,1,0.8126639691815063,ICBHI_198,0,ICBHI,AKGC417L
ICBHI_198_1b5_TC,1,0.7134075409245658,ICBHI_198,0,ICBHI,AKGC417L
ICBHI_198_6p1_AL,1,0.32546925459115605,ICBHI_198,0,ICBHI,AKGC417L
ICBHI_198_6p1_AR,1,0.043418929307394945,ICBHI_198,0,ICBHI,AKGC417L
ICBHI_198_6p1_LL,1,0.03986760451178779,ICBHI_198,0,ICBHI,AKGC417L
ICBHI_198_6p1_LR,1,0.03334133358965841,ICBHI_198,0,ICBHI,AKGC417L
ICBHI_198_6p1_PL,1,0.004028918185048943,ICBHI_198,0,ICBHI,AKGC417L
ICBHI_198_6p1_PR,1,0.03219451377040231,ICBHI_198,0,ICBHI,AKGC417L
ICBHI_198_6p1_TC,1,0.5950613634340772,ICBHI_198,0,ICBHI,AKGC417L
ICBHI_199_2b1_LL,0,0.9984375721260402,ICBHI_199,1,ICBHI,LittC2SE
ICBHI_199_2b3_LL,0,0.9980709961301747,ICBHI_199,1,ICBHI,LittC2SE
ICBHI_202_1b1_AR,1,0.8369695107012819,ICBHI_202,2,ICBHI,Meditron
ICBHI_203_1p2_AL,1,0.4904090183298492,ICBHI_203,0,ICBHI,AKGC417L
ICBHI_203_1p2_AR,1,0.353278788395873,ICBHI_203,0,ICBHI,AKGC417L
ICBHI_203_1p2_LR,1,0.355910235236563,ICBHI_203,0,ICBHI,AKGC417L
ICBHI_203_1p2_PL,1,0.8690622804535618,ICBHI_203,0,ICBHI,AKGC417L
ICBHI_203_1p2_PR,1,0.7307795696308779,ICBHI_203,0,ICBHI,AKGC417L
ICBHI_203_1p2_TC,1,0.43659910797647067,ICBHI_203,0,ICBHI,AKGC417L
ICBHI_203_1p3_AL,1,0.7457940335877472,ICBHI_203,0,ICBHI,AKGC417L
ICBHI_203_1p3_AR,1,0.8103596890840137,ICBHI_203,0,ICBHI,AKGC417L
ICBHI_203_1p3_PL,1,0.9290823473794539,ICBHI_203,0,ICBHI,AKGC417L
ICBHI_203_1p3_PR,1,0.9243417976620397,ICBHI_203,0,ICBHI,AKGC417L
ICBHI_203_1p3_TC,1,0.5135236638643591,ICBHI_203,0,ICBHI,AKGC417L
ICBHI_203_1p4_AL,1,0.8106631487834967,ICBHI_203,0,ICBHI,AKGC417L
ICBHI_203_1p4_AR,1,0.6090418073008104,ICBHI_203,0,ICBHI,AKGC417L
ICBHI_203_1p4_PL,1,0.8632442890044898,ICBHI_203,0,ICBHI,AKGC417L
ICBHI_203_1p4_PR,1,0.8231096903260903,ICBHI_203,0,ICBHI,AKGC417L
ICBHI_203_1p4_TC,1,0.15467576472840147,ICBHI_203,0,ICBHI,AKGC417L
ICBHI_203_2p3_AL,1,0.67951789372601,ICBHI_203,0,ICBHI,AKGC417L
ICBHI_203_2p3_AR,1,0.5107071317404989,ICBHI_203,0,ICBHI,AKGC417L
ICBHI_203_2p3_PL,1,0.7893346282418884,ICBHI_203,0,ICBHI,AKGC417L
ICBHI_203_2p3_PR,1,0.9188213113193227,ICBHI_203,0,ICBHI,AKGC417L
ICBHI_203_2p3_TC,1,0.34015924201560954,ICBHI_203,0,ICBHI,AKGC417L
ICBHI_204_2b5_AL,1,0.7876456202994834,ICBHI_204,1,ICBHI,AKGC417L
ICBHI_204_2b5_AR,1,0.9888493460944924,ICBHI_204,1,ICBHI,AKGC417L
ICBHI_204_2b5_LL,1,0.6999107123000284,ICBHI_204,1,ICBHI,AKGC417L
ICBHI_204_7p5_AL,1,0.8513070853010113,ICBHI_204,1,ICBHI,AKGC417L
ICBHI_204_7p5_AR,1,0.9733566827720497,ICBHI_204,1,ICBHI,AKGC417L
ICBHI_204_7p5_LL,1,0.05640055378308874,ICBHI_204,1,ICBHI,AKGC417L
ICBHI_204_7p5_LR,1,0.9747434648022123,ICBHI_204,1,ICBHI,AKGC417L
ICBHI_204_7p5_PR,1,0.2181618530185465,ICBHI_204,1,ICBHI,AKGC417L
ICBHI_204_7p5_TC,1,0.9778208474201477,ICBHI_204,1,ICBHI,AKGC417L
ICBHI_205_1b3_AL,1,0.009408585530450727,ICBHI_205,4,ICBHI,AKGC417L
ICBHI_205_1b3_AR,1,0.9768258251353669,ICBHI_205,4,ICBHI,AKGC417L
ICBHI_205_1b3_LL,1,0.007775836917354514,ICBHI_205,4,ICBHI,AKGC417L
ICBHI_205_1b3_LR,1,0.6106927701441133,ICBHI_205,4,ICBHI,AKGC417L
ICBHI_205_1b3_PL,1,0.12646715156571267,ICBHI_205,4,ICBHI,AKGC417L
ICBHI_205_1b3_PR,1,0.002905166550716414,ICBHI_205,4,ICBHI,AKGC417L
ICBHI_205_2b2_PR,1,0.9532242956765021,ICBHI_205,4,ICBHI,AKGC417L
ICBHI_205_2b3_AL,1,0.6005241955900891,ICBHI_205,4,ICBHI,AKGC417L
ICBHI_205_2b3_AR,1,0.7691385791328305,ICBHI_205,4,ICBHI,AKGC417L
ICBHI_205_2b3_LL,1,0.245824742904043,ICBHI_205,4,ICBHI,AKGC417L
ICBHI_205_2b4_PL,1,0.4877137757095313,ICBHI_205,4,ICBHI,AKGC417L
ICBHI_205_3b4_AL,1,0.8182275680464538,ICBHI_205,4,ICBHI,AKGC417L
ICBHI_205_3b4_AR,1,0.5274651641959015,ICBHI_205,4,ICBHI,AKGC417L
ICBHI_205_3b4_PL,1,0.7625823711681362,ICBHI_205,4,ICBHI,AKGC417L
ICBHI_205_3b4_PR,1,0.03376885210972121,ICBHI_205,4,ICBHI,AKGC417L
ICBHI_205_4b2_AL,1,0.17014112729085504,ICBHI_205,4,ICBHI,AKGC417L
ICBHI_205_4b2_AR,1,0.8626021194078825,ICBHI_205,4,ICBHI,AKGC417L
ICBHI_205_4b2_LR,1,0.5766975335347008,ICBHI_205,4,ICBHI,AKGC417L
ICBHI_205_4b2_PL,1,0.8288271592904274,ICBHI_205,4,ICBHI,AKGC417L
ICBHI_205_4b2_PR,1,0.3777694601253037,ICBHI_205,4,ICBHI,AKGC417L
ICBHI_207_2b2_AL,1,0.38389686942378415,ICBHI_207,3,ICBHI,AKGC417L
ICBHI_207_2b2_AR,1,0.37881493651985076,ICBHI_207,3,ICBHI,AKGC417L
ICBHI_207_2b2_PL,1,0.5044928364782227,ICBHI_207,3,ICBHI,AKGC417L
ICBHI_207_2b2_PR,1,0.5863758281497297,ICBHI_207,3,ICBHI,AKGC417L
ICBHI_207_2b2_TC,1,0.5040169063836583,ICBHI_207,3,ICBHI,AKGC417L
ICBHI_207_2b3_AL,1,0.41714382809513567,ICBHI_207,3,ICBHI,AKGC417L
ICBHI_207_2b3_AR,1,0.41602689549120786,ICBHI_207,3,ICBHI,AKGC417L
ICBHI_207_2b3_PL,1,0.5478152958772031,ICBHI_207,3,ICBHI,AKGC417L
ICBHI_207_2b3_PR,1,0.56260380979515,ICBHI_207,3,ICBHI,AKGC417L
ICBHI_207_2b3_TC,1,0.41821498246779026,ICBHI_207,3,ICBHI,AKGC417L
ICBHI_207_2b4_AL,1,0.5015946004649637,ICBHI_207,3,ICBHI,AKGC417L
ICBHI_207_2b4_AR,1,0.4264017614976735,ICBHI_207,3,ICBHI,AKGC417L
ICBHI_207_2b4_PL,1,0.5450745200051975,ICBHI_207,3,ICBHI,AKGC417L
ICBHI_207_2b4_PR,1,0.6070986223762075,ICBHI_207,3,ICBHI,AKGC417L
ICBHI_207_2b4_TC,1,0.40704927946031305,ICBHI_207,3,ICBHI,AKGC417L
ICBHI_207_3b2_AL,1,0.2893668133109812,ICBHI_207,3,ICBHI,AKGC417L
ICBHI_207_3b2_AR,1,0.5218470389979463,ICBHI_207,3,ICBHI,AKGC417L
ICBHI_207_3b2_LR,1,0.6448922311308072,ICBHI_207,3,ICBHI,AKGC417L
ICBHI_207_3b2_PL,1,0.6043707194883873,ICBHI_207,3,ICBHI,AKGC417L
ICBHI_207_3b2_PR,1,0.6370141152958521,ICBHI_207,3,ICBHI,AKGC417L
ICBHI_207_3b2_TC,1,0.3341477961254018,ICBHI_207,3,ICBHI,AKGC417L
ICBHI_209_1b1_TC,1,0.9981307882767464,ICBHI_209,2,ICBHI,Meditron
ICBHI_211_1p2_AR,1,0.9659496261249636,ICBHI_211,0,ICBHI,AKGC417L
ICBHI_211_1p2_PL,1,0.5253229453908588,ICBHI_211,0,ICBHI,AKGC417L
ICBHI_211_1p2_PR,1,0.9967336435526616,ICBHI_211,0,ICBHI,AKGC417L
ICBHI_211_1p3_AR,1,0.9623684816331534,ICBHI_211,0,ICBHI,AKGC417L
ICBHI_211_1p5_AR,1,0.9693412761695087,ICBHI_211,0,ICBHI,AKGC417L
ICBHI_211_2p2_TC,1,0.08262469533459603,ICBHI_211,0,ICBHI,AKGC417L
ICBHI_211_2p3_TC,1,0.7474931494316067,ICBHI_211,0,ICBHI,AKGC417L
ICBHI_211_2p4_TC,1,0.885444224192684,ICBHI_211,0,ICBHI,AKGC417L
ICBHI_212_2b2_TC,1,0.9639831189344515,ICBHI_212,1,ICBHI,LittC2SE
ICBHI_213_1p2_AL,0,0.06583102570384135,ICBHI_213,4,ICBHI,AKGC417L
ICBHI_213_1p2_AR,0,0.40221414079487694,ICBHI_213,4,ICBHI,AKGC417L
ICBHI_213_1p2_LR,0,0.26387972723281633,ICBHI_213,4,ICBHI,AKGC417L
ICBHI_213_1p2_PL,0,0.2792834728094911,ICBHI_213,4,ICBHI,AKGC417L
ICBHI_213_1p2_PR,0,0.04126325940409833,ICBHI_213,4,ICBHI,AKGC417L
ICBHI_213_1p2_TC,0,0.11461157054322438,ICBHI_213,4,ICBHI,AKGC417L
ICBHI_213_1p3_AL,0,0.06396317326420523,ICBHI_213,4,ICBHI,AKGC417L
ICBHI_213_1p3_AR,0,0.2927594748565432,ICBHI_213,4,ICBHI,AKGC417L
ICBHI_213_1p3_PL,0,0.8077587893841585,ICBHI_213,4,ICBHI,AKGC417L
ICBHI_213_1p3_PR,0,0.054871017704309556,ICBHI_213,4,ICBHI,AKGC417L
ICBHI_213_1p5_AL,0,0.283281640742264,ICBHI_213,4,ICBHI,AKGC417L
ICBHI_213_1p5_AR,0,0.13326484110651834,ICBHI_213,4,ICBHI,AKGC417L
ICBHI_213_1p5_PL,0,0.7678291588634486,ICBHI_213,4,ICBHI,AKGC417L
ICBHI_213_1p5_PR,0,0.017493265667112286,ICBHI_213,4,ICBHI,AKGC417L
ICBHI_213_1p5_TC,0,0.8978573387815504,ICBHI_213,4,ICBHI,AKGC417L
ICBHI_213_2p2_AL,0,0.9458477646797973,ICBHI_213,4,ICBHI,AKGC417L
ICBHI_213_2p2_AR,0,0.46726110604243903,ICBHI_213,4,ICBHI,AKGC417L
ICBHI_213_2p2_PL,0,0.03708289638422367,ICBHI_213,4,ICBHI,AKGC417L
ICBHI_213_2p2_PR,0,0.064655099363463,ICBHI_213,4,ICBHI,AKGC417L
ICBHI_213_2p2_TC,0,0.9917910201660318,ICBHI_213,4,ICBHI,AKGC417L
ICBHI_214_1b1_AR,1,0.1196143563067096,ICBHI_214,1,ICBHI,Meditron
ICBHI_217_1b1_TC,1,0.5180700585595533,ICBHI_217,4,ICBHI,Meditron
ICBHI_218_1b1_AL,0,0.29053232357104714,ICBHI_218,3,ICBHI,Meditron
ICBHI_218_1b1_AR,0,0.3832476213135974,ICBHI_218,3,ICBHI,Meditron
ICBHI_218_1b1_LR,0,0.7482250208556943,ICBHI_218,3,ICBHI,Meditron
ICBHI_218_1b1_PL,0,0.31922973748648464,ICBHI_218,3,ICBHI,Meditron
ICBHI_218_1b1_PR,0,0.3752124027093411,ICBHI_218,3,ICBHI,Meditron
ICBHI_218_1p1_AR,0,0.7984742006205534,ICBHI_218,3,ICBHI,Litt3200
ICBHI_218_1p1_PL,0,0.4749214860360531,ICBHI_218,3,ICBHI,Litt3200
ICBHI_218_1p1_PR,0,0.5381997342456786,ICBHI_218,3,ICBHI,Litt3200
ICBHI_220_1b1_TC,1,0.9958493763335879,ICBHI_220,0,ICBHI,LittC2SE
ICBHI_220_1b2_AL,1,0.9498308640477425,ICBHI_220,0,ICBHI,LittC2SE
ICBHI_221_2b1_AL,0,0.821230061217519,ICBHI_221,2,ICBHI,LittC2SE
ICBHI_221_2b1_AR,0,0.9579548422136333,ICBHI_221,2,ICBHI,LittC2SE
ICBHI_221_2b1_LR,0,0.32284327889502934,ICBHI_221,2,ICBHI,LittC2SE
ICBHI_221_2b1_PL,0,0.9827086367252322,ICBHI_221,2,ICBHI,LittC2SE
ICBHI_221_2b2_AL,0,0.9703791605961337,ICBHI_221,2,ICBHI,LittC2SE
ICBHI_221_2b2_AR,0,0.9807023598058857,ICBHI_221,2,ICBHI,LittC2SE
ICBHI_221_2b2_LR,0,0.8660352561006063,ICBHI_221,2,ICBHI,LittC2SE
ICBHI_221_2b2_PL,0,0.8395342017767756,ICBHI_221,2,ICBHI,LittC2SE
ICBHI_221_2b3_AL,0,0.9435915816158429,ICBHI_221,2,ICBHI,LittC2SE
ICBHI_221_2b3_AR,0,0.8102650370870521,ICBHI_221,2,ICBHI,LittC2SE
ICBHI_221_2b3_LR,0,0.5116725637100276,ICBHI_221,2,ICBHI,LittC2SE
ICBHI_221_2b3_PR,0,0.8172090021974435,ICBHI_221,2,ICBHI,LittC2SE
ICBHI_223_1b1_AL,1,0.14462964592364388,ICBHI_223,4,ICBHI,Meditron
ICBHI_223_1b1_AR,1,0.0016958259488974584,ICBHI_223,4,ICBHI,Meditron
ICBHI_223_1b1_LL,1,0.7109493232411235,ICBHI_223,4,ICBHI,Meditron
ICBHI_223_1b1_LR,1,0.0074572460883972165,ICBHI_223,4,ICBHI,Meditron
ICBHI_223_1b1_PL,1,0.1596379172796225,ICBHI_223,4,ICBHI,Meditron
ICBHI_223_1b1_PR,1,0.0392638881487354,ICBHI_223,4,ICBHI,Meditron
ICBHI_224_1b1_TC,1,0.3571134782601382,ICBHI_224,3,ICBHI,Meditron
ICBHI_224_1b2_AL,1,0.44965838887247006,ICBHI_224,3,ICBHI,Meditron
