config_index,C,gamma,accuracy_mean,balanced_accuracy_mean,recall_copd_mean,recall_negative_mean,macro_f1_mean,min_class_recall_mean,auroc_mean,auprc_copd_mean,accuracy_std,balanced_accuracy_std,recall_copd_std,recall_negative_std,macro_f1_std,min_class_recall_std,auroc_std,auprc_copd_std,n_folds_completed,median_best_epoch,n_folds_incomplete,complete,selected
0,0.01,scale,0.8410389610389611,0.8411149961149962,0.8311188811188812,0.8511111111111112,0.8388213369391858,0.7648562548562549,0.9015734265734265,0.9346844902811691,0.04791662236218348,0.04416117341960752,0.11810472513441514,0.09737289911202954,0.04798828844464944,0.02763338021003115,0.09094656973535727,0.05274601119667221,5,,0,True,False
1,0.01,0.0001,0.5372727272727273,0.5,0.8,0.2,0.34910782054757383,0.0,0.7985353535353535,0.8524049604821677,0.04188700385780095,0.0,0.4472135954999579,0.447213595499958,0.017875618190270365,0.0,0.08878415834358229,0.04415332643591425,5,,0,True,False
2,0.01,0.001,0.7488311688311688,0.746993006993007,0.7473193473193473,0.7466666666666667,0.7448638443935927,0.6690909090909092,0.8442113442113441,0.8937869645837047,0.1276782566603067,0.12493298639745157,0.19664598715470868,0.12847635128499785,0.12908135355039643,0.11951164103817839,0.09359179976472942,0.04378930747923871,5,,0,True,False
3,0.01,0.01,0.7947186147186147,0.7981895881895882,0.7652680652680652,0.8311111111111111,0.7915280106217648,0.6923387723387723,0.8787412587412587,0.9059758891452585,0.10208394358573074,0.08945901864486346,0.21223581012633838,0.09506333171647749,0.1015035700949204,0.13759985714612663,0.1084382685242456,0.07883806429124626,5,,0,True,False
4,0.01,0.1,0.5467965367965368,0.5,1.0,0.0,0.3533416915153158,0.0,0.87995337995338,0.9007321436733202,0.02745353383319322,0.0,0.0,0.0,0.01133068613241508,0.0,0.10342415938990168,0.08379776903961625,5,,0,True,False
5,0.1,scale,0.9255411255411256,0.926989121989122,0.9162004662004662,0.9377777777777778,0.9247440339980386,0.8943822843822844,0.9427583527583527,0.9655682523062202,0.06248254567843829,0.06296208805859069,0.05484113372377877,0.09081251885201133,0.06347204235525439,0.07599677138881128,0.06223598946729613,0.036887665692960314,5,,0,True,True
6,0.1,0.0001,0.7293073593073593,0.7258818958818958,0.7473193473193473,0.7044444444444444,0.7236412407831172,0.6268686868686869,0.8224164724164724,0.8810959436918676,0.10324285071626647,0.09908276237231443,0.19664598715470868,0.12437498061293976,0.10249868710183686,0.07111570233112499,0.09414080297919547,0.041561361883928866,5,,0,True,False
7,0.1,0.001,0.8891774891774892,0.8907614607614608,0.8659673659673659,0.9155555555555555,0.8881731997979138,0.8641491841491842,0.9374553224553225,0.9617029358730305,0.0821285256905767,0.08183647212827323,0.09018147643579165,0.0918264600506417,0.08366286851727223,0.08918077995090684,0.055662942083416364,0.02970995323952793,5,,0,True,False
8,0.1,0.01,0.8873593073593075,0.8827466977466976,0.9343822843822844,0.8311111111111111,0.8843376068376069,0.8311111111111111,0.9393395493395493,0.9632122749502429,0.07772365308423462,0.07994702551083681,0.06585803537378569,0.1184780023339229,0.07989058784823648,0.1184780023339229,0.06844258657868746,0.04081789815213419,5,,0,True,False
9,0.1,0.1,0.5467965367965368,0.5,1.0,0.0,0.3533416915153158,0.0,0.8817715617715617,0.9048722459952406,0.02745353383319322,0.0,0.0,0.0,0.01133068613241508,0.0,0.10591236854983178,0.08647466748795112,5,,0,True,False
10,1.0,scale,0.8678787878787879,0.8627466977466977,0.9343822843822844,0.7911111111111111,0.8598575056183752,0.7744444444444445,0.9405283605283605,0.9599007305825488,0.1312964247336616,0.1365514043054465,0.06585803537378569,0.24525119397904702,0.1430251280745124,0.22985502677412414,0.06768719527650875,0.04691829980342193,5,,0,True,False
11,1.0,0.0001,0.8609956709956709,0.8613170163170164,0.8493006993006993,0.8733333333333334,0.8597235590720581,0.8252602952602952,0.9233799533799534,0.9534132736479617,0.08266703890216646,0.08096745814784329,0.10431365654016499,0.08874989132318158,0.08358821930071492,0.0679855610759403,0.05551873362024737,0.027435915737550182,5,,0,True,False
12,1.0,0.001,0.9069264069264069,0.9058780108780109,0.9162004662004662,0.8955555555555555,0.9048707331316027,0.8607070707070706,0.9513053613053615,0.9719800460976931,0.08711953159090088,0.09092141914960222,0.05484113372377877,0.1456361100249862,0.08980515626900798,0.11997814649835142,0.04118067100447892,0.02170290041616201,5,,0,True,False
13,1.0,0.01,0.8029004329004328,0.7916355866355866,0.9343822843822844,0.6488888888888888,0.7857503052503052,0.6488888888888888,0.9372610722610724,0.9594068617063268,0.14214564390795612,0.14791021924556055,0.06585803537378569,0.26650458036969027,0.15963245285737698,0.26650458036969027,0.07016200368428394,0.04551382159427887,5,,0,True,False
14,1.0,0.1,0.5467965367965368,0.5,1.0,0.0,0.3533416915153158,0.0,0.8963597513597513,0.9170624620399458,0.02745353383319322,0.0,0.0,0.0,0.01133068613241508,0.0,0.10854919818486193,0.08983191842661324,5,,0,True,False
15,10.0,scale,0.8406060606060606,0.8327466977466977,0.9343822843822844,0.731111111111111,0.8313603988603988,0.731111111111111,0.9405283605283605,0.9599007305825488,0.12267301456805386,0.1264012988413958,0.06585803537378569,0.2163673145713437,0.13333223850970138,0.2163673145713437,0.06768719527650875,0.04691829980342193,5,,0,True,False
16,10.0,0.0001,0.8883116883116884,0.8884537684537686,0.8813519813519815,0.8955555555555555,0.8862315462315461,0.8258585858585858,0.9479292929292928,0.9695400188047246,0.07794612423584954,0.0814791899843967,0.0748030233933029,0.1456361100249862,0.08035114426458445,0.11021817507899091,0.04178831339519046,0.020785106790154693,5,,0,True,False
17,10.0,0.001,0.8869264069264069,0.8827466977466976,0.9343822843822844,0.8311111111111111,0.8830383335050854,0.8144444444444444,0.9526456876456877,0.9675192841995545,0.0973205041254338,0.1011742252637862,0.06585803537378569,0.17040257344605167,0.10114362974872305,0.15293426329272616,0.051009946408607766,0.04045568266300385,5,,0,True,False
18,10.0,0.01,0.8029004329004328,0.7905244755244756,0.9343822843822844,0.6466666666666667,0.7864251478369125,0.6466666666666667,0.933842268842269,0.9571868921334161,0.13846416948354467,0.14361479684111025,0.06585803537378569,0.24899799195977465,0.15497417890078977,0.24899799195977465,0.0758936234825317,0.048950164380057656,5,,0,True,False
19,10.0,0.1,0.5467965367965368,0.5,1.0,0.0,0.3533416915153158,0.0,0.8963597513597513,0.9170624620399458,0.02745353383319322,0.0,0.0,0.0,0.01133068613241508,0.0,0.10854919818486193,0.08983191842661324,5,,0,True,False
20,100.0,scale,0.8406060606060606,0.8327466977466977,0.9343822843822844,0.731111111111111,0.8313603988603988,0.731111111111111,0.9387762237762237,0.958132253961131,0.12267301456805386,0.1264012988413958,0.06585803537378569,0.2163673145713437,0.13333223850970138,0.2163673145713437,0.07373979977799865,0.050317829486088164,5,,0,True,False
21,100.0,0.0001,0.8778787878787879,0.8765850815850815,0.8798368298368299,0.8733333333333333,0.8753314116821992,0.8021212121212121,0.9511111111111111,0.9708275058275058,0.07025908677175938,0.07214689348514268,0.1013185253033194,0.13370319072436732,0.0723339221995109,0.09653099415930795,0.04618161492394979,0.025284605280723745,5,,0,True,False
22,100.0,0.001,0.8592207792207793,0.8518376068376068,0.9525641025641025,0.7511111111111111,0.8494846410899042,0.7511111111111111,0.9577311577311576,0.9694929684100806,0.10510899177423526,0.10955763961087867,0.06957417205751354,0.2173919484692551,0.11785147612216625,0.2173919484692551,0.04930591882867443,0.04046149754484928,5,,0,True,False
23,100.0,0.01,0.8029004329004328,0.7905244755244756,0.9343822843822844,0.6466666666666667,0.7864251478369125,0.6466666666666667,0.933842268842269,0.9571868921334161,0.13846416948354467,0.14361479684111025,0.06585803537378569,0.24899799195977465,0.15497417890078977,0.24899799195977465,0.0758936234825317,0.048950164380057656,5,,0,True,False
24,100.0,0.1,0.5467965367965368,0.5,1.0,0.0,0.3533416915153158,0.0,0.8963597513597513,0.9170624620399458,0.02745353383319322,0.0,0.0,0.0,0.01133068613241508,0.0,0.10854919818486193,0.08983191842661324,5,,0,True,False
25,1000.0,scale,0.8406060606060606,0.8327466977466977,0.9343822843822844,0.731111111111111,0.8313603988603988,0.731111111111111,0.9387762237762237,0.958132253961131,0.12267301456805386,0.1264012988413958,0.06585803537378569,0.2163673145713437,0.13333223850970138,0.2163673145713437,0.07373979977799865,0.050317829486088164,5,,0,True,False
26,1000.0,0.0001,0.9064502164502164,0.902948717948718,0.9525641025641025,0.8533333333333333,0.9026686371315528,0.8366666666666667,0.9545726495726494,0.9696566446031687,0.08681494121033252,0.09094590424379535,0.06957417205751354,0.1689473582999841,0.09145204734144981,0.15434049259452617,0.04669857007213485,0.03484668449473847,5,,0,True,False
27,1000.0,0.001,0.8592207792207793,0.8518376068376068,0.9525641025641025,0.7511111111111111,0.8494846410899042,0.7511111111111111,0.9576456876456877,0.9692274006445128,0.10510899177423526,0.10955763961087867,0.06957417205751354,0.2173919484692551,0.11785147612216625,0.2173919484692551,0.05289716631072601,0.041733996375999435,5,,0,True,False
28,1000.0,0.01,0.8029004329004328,0.7905244755244756,0.9343822843822844,0.6466666666666667,0.7864251478369125,0.6466666666666667,0.933842268842269,0.9571868921334161,0.13846416948354467,0.14361479684111025,0.06585803537378569,0.24899799195977465,0.15497417890078977,0.24899799195977465,0.0758936234825317,0.048950164380057656,5,,0,True,False
29,1000.0,0.1,0.5467965367965368,0.5,1.0,0.0,0.3533416915153158,0.0,0.8963597513597513,0.9170624620399458,0.02745353383319322,0.0,0.0,0.0,0.01133068613241508,0.0,0.10854919818486193,0.08983191842661324,5,,0,True,False
